tokenId,rarity,intrinsicValue
934,4,5
237,2,1
31,1,1
76,1,1
626,1,3
136,1,1
207,2,1
931,1,5
196,1,1
303,3,2
881,1,4
821,1,4
292,2,2
82,2,1
1106,1,6
647,2,3
397,2,2
172,2,1
724,4,3
581,1,3
492,2,2
36,1,1
571,1,3
376,1,2
416,1,2
1221,1,9
112,2,1
851,1,4
1161,1,7
231,1,1
626,1,3
1071,1,6
26,1,1
796,1,4
973,3,5
737,2,4
196,1,1
482,2,2
1056,1,5
687,2,3
546,1,3
962,2,5
622,2,3
287,2,2
401,1,2
426,1,2
641,1,3
1039,4,5
476,1,2
22,2,1
672,2,3
431,1,2
236,1,1
231,1,1
129,4,1
836,1,4
911,1,4
796,1,4
917,2,4
447,2,2
76,1,1
1027,2,5
291,1,2
1016,1,5
726,1,4
61,1,1
1211,1,9
946,1,5
1161,1,7
27,2,1
506,1,3
151,1,1
552,2,3
191,1,1
263,3,2
396,1,2
46,1,1
1137,2,6
842,2,4
911,1,4
561,1,3
956,1,5
592,2,3
1061,1,6
66,1,1
321,1,2
306,1,2
1061,1,6
996,1,5
669,4,3
277,2,2
431,1,2
171,1,1
297,2,2
657,2,3
581,1,3
546,1,3
461,1,2
56,1,1
1151,1,7
361,1,2
781,1,4
401,1,2
971,1,5
996,1,5
612,2,3
682,2,3
482,2,2
931,1,5
891,1,4
631,1,3
1181,1,7
1081,1,6
486,1,2
511,1,3
1091,1,6
1131,1,6
226,1,1
44,4,1
136,1,1
131,1,1
297,2,2
322,2,2
1191,1,8
348,3,2
561,1,3
421,1,2
131,1,1
541,1,3
256,1,2
592,2,3
601,1,3
67,2,1
52,2,1
877,2,4
811,1,4
1161,1,7
96,1,1
691,1,3
101,1,1
1086,1,6
87,2,1
438,3,2
116,1,1
1246,1,10
107,2,1
1036,1,5
728,3,4
26,1,1
493,3,2
876,1,4
566,1,3
421,1,2
1026,1,5
926,1,5
576,1,3
351,1,2
1071,1,6
572,2,3
396,1,2
97,2,1
227,2,1
681,1,3
443,3,2
666,1,3
406,1,2
591,1,3
166,1,1
532,2,3
572,2,3
311,1,2
792,2,4
761,1,4
782,2,4
407,2,2
1081,1,6
251,1,2
581,1,3
1002,2,5
746,1,4
1072,2,6
462,2,2
726,1,4
188,3,1
746,1,4
479,4,2
66,1,1
931,1,5
891,1,4
133,3,1
536,1,3
716,1,3
976,1,5
422,2,2
1027,2,5
807,2,4
516,1,3
792,2,4
486,1,2
1116,1,6
711,1,3
941,1,5
586,1,3
543,3,3
327,2,2
47,2,1
891,1,4
96,1,1
326,1,2
747,2,4
792,2,4
496,1,3
418,3,2
1034,4,5
586,1,3
267,2,2
986,1,5
596,1,3
256,1,2
91,1,1
1157,2,7
323,3,2
657,2,3
111,1,1
156,1,1
666,1,3
112,2,1
1186,1,8
81,1,1
1102,2,6
1046,1,5
956,1,5
742,2,4
1081,1,6
446,1,2
461,1,2
477,2,2
1172,2,7
897,2,4
1066,1,6
642,2,3
907,2,4
41,1,1
56,1,1
106,1,1
71,1,1
761,1,4
42,2,1
986,1,5
16,1,1
686,1,3
487,2,2
56,1,1
21,1,1
169,4,1
131,1,1
8,3,1
1136,1,6
961,1,5
386,1,2
963,3,5
1073,3,6
586,1,3
702,2,3
321,1,2
636,1,3
921,1,5
532,2,3
911,1,4
1191,1,8
507,2,3
171,1,1
17,2,1
591,1,3
882,2,4
776,1,4
851,1,4
1062,2,6
1231,1,10
1231,1,10
561,1,3
752,2,4
323,3,2
231,1,1
816,1,4
812,2,4
1011,1,5
1232,2,10
542,2,3
1116,1,6
956,1,5
777,2,4
544,4,3
1031,1,5
587,2,3
1147,2,7
471,1,2
926,1,5
371,1,2
89,4,1
941,1,5
1067,2,6
826,1,4
946,1,5
467,2,2
12,2,1
893,3,4
101,1,1
816,1,4
788,3,4
871,1,4
341,1,2
11,1,1
1062,2,6
508,3,3
566,1,3
297,2,2
1141,1,7
727,2,4
317,2,2
386,1,2
1047,2,5
1001,1,5
649,4,3
991,1,5
966,1,5
921,1,5
1218,3,9
292,2,2
327,2,2
537,2,3
1001,1,5
1196,1,8
508,3,3
1171,1,7
992,2,5
846,1,4
801,1,4
951,1,5
1176,1,7
1103,3,6
1037,2,5
301,1,2
831,1,4
1006,1,5
901,1,4
691,1,3
317,2,2
1087,2,6
608,3,3
1241,1,10
971,1,5
731,1,4
471,1,2
932,2,5
1096,1,6
256,1,2
751,1,4
136,1,1
401,1,2
41,1,1
491,1,2
622,2,3
102,2,1
513,3,3
57,2,1
137,2,1
1206,1,8
116,1,1
881,1,4
1166,1,7
77,2,1
976,1,5
917,2,4
7,2,1
546,1,3
476,1,2
266,1,2
1186,1,8
487,2,2
173,3,1
1011,1,5
198,3,1
1196,1,8
921,1,5
1006,1,5
936,1,5
1041,1,5
807,2,4
801,1,4
766,1,4
92,2,1
397,2,2
461,1,2
596,1,3
137,2,1
52,2,1
941,1,5
991,1,5
296,1,2
1042,2,5
511,1,3
968,3,5
142,2,1
556,1,3
271,1,2
566,1,3
1021,1,5
1031,1,5
1021,1,5
61,1,1
862,2,4
541,1,3
996,1,5
582,2,3
161,1,1
1006,1,5
531,1,3
722,2,3
266,1,2
617,2,3
397,2,2
1197,2,8
1026,1,5
381,1,2
356,1,2
101,1,1
352,2,2
106,1,1
1156,1,7
881,1,4
988,3,5
436,1,2
1046,1,5
1086,1,6
286,1,2
252,2,2
1001,1,5
946,1,5
383,3,2
181,1,1
706,1,3
276,1,2
793,3,4
72,2,1
1247,2,10
811,1,4
246,1,1
806,1,4
911,1,4
56,1,1
96,1,1
186,1,1
1226,1,9
496,1,3
843,3,4
691,1,3
346,1,2
599,4,3
1246,1,10
1231,1,10
681,1,3
656,1,3
1166,1,7
827,2,4
261,1,2
244,4,1
771,1,4
957,2,5
1157,2,7
421,1,2
602,2,3
411,1,2
281,1,2
581,1,3
737,2,4
811,1,4
72,2,1
1036,1,5
1001,1,5
576,1,3
1046,1,5
567,2,3
221,1,1
706,1,3
1151,1,7
126,1,1
121,1,1
786,1,4
976,1,5
787,2,4
601,1,3
682,2,3
606,1,3
516,1,3
792,2,4
1091,1,6
832,2,4
211,1,1
891,1,4
27,2,1
1138,3,6
92,2,1
17,2,1
146,1,1
471,1,2
163,3,1
891,1,4
126,1,1
1103,3,6
236,1,1
71,1,1
276,1,2
967,2,5
412,2,2
1071,1,6
601,1,3
506,1,3
116,1,1
976,1,5
963,3,5
842,2,4
866,1,4
201,1,1
901,1,4
556,1,3
751,1,4
396,1,2
101,1,1
24,4,1
1101,1,6
643,3,3
1074,4,6
461,1,2
862,2,4
731,1,4
817,2,4
512,2,3
141,1,1
726,1,4
222,2,1
796,1,4
961,1,5
892,2,4
256,1,2
1007,2,5
691,1,3
1196,1,8
486,1,2
201,1,1
696,1,3
737,2,4
536,1,3
1031,1,5
588,3,3
327,2,2
957,2,5
1196,1,8
426,1,2
1069,4,6
467,2,2
1166,1,7
826,1,4
986,1,5
336,1,2
146,1,1
406,1,2
1242,2,10
512,2,3
1091,1,6
86,1,1
641,1,3
1166,1,7
161,1,1
1226,1,9
236,1,1
1116,1,6
808,3,4
672,2,3
961,1,5
851,1,4
347,2,2
821,1,4
633,3,3
116,1,1
381,1,2
536,1,3
101,1,1
541,1,3
296,1,2
1227,2,9
1044,4,5
192,2,1
1013,3,5
147,2,1
591,1,3
1226,1,9
697,2,3
281,1,2
721,1,3
836,1,4
348,3,2
646,1,3
726,1,4
328,3,2
81,1,1
771,1,4
57,2,1
991,1,5
134,4,1
247,2,1
571,1,3
1087,2,6
216,1,1
771,1,4
491,1,2
624,4,3
6,1,1
686,1,3
947,2,5
656,1,3
762,2,4
961,1,5
847,2,4
221,1,1
347,2,2
646,1,3
391,1,2
1006,1,5
276,1,2
761,1,4
1022,2,5
951,1,5
826,1,4
446,1,2
376,1,2
786,1,4
46,1,1
943,3,5
1066,1,6
801,1,4
977,2,5
601,1,3
981,1,5
756,1,4
51,1,1
76,1,1
291,1,2
971,1,5
72,2,1
86,1,1
293,3,2
846,1,4
356,1,2
664,4,3
1236,1,10
366,1,2
1181,1,7
842,2,4
896,1,4
1031,1,5
1083,3,6
341,1,2
1151,1,7
911,1,4
406,1,2
1228,3,9
162,2,1
1221,1,9
301,1,2
748,3,4
961,1,5
816,1,4
287,2,2
669,4,3
846,1,4
111,1,1
891,1,4
482,2,2
101,1,1
598,3,3
76,1,1
236,1,1
196,1,1
852,2,4
92,2,1
798,3,4
281,1,2
792,2,4
766,1,4
871,1,4
751,1,4
1071,1,6
681,1,3
476,1,2
1001,1,5
1221,1,9
726,1,4
877,2,4
306,1,2
381,1,2
397,2,2
366,1,2
17,2,1
896,1,4
268,3,2
1001,1,5
896,1,4
896,1,4
537,2,3
526,1,3
1232,2,10
381,1,2
1146,1,7
118,3,1
521,1,3
756,1,4
547,2,3
96,1,1
328,3,2
781,1,4
126,1,1
861,1,4
717,2,3
1061,1,6
647,2,3
227,2,1
1096,1,6
657,2,3
111,1,1
1061,1,6
782,2,4
501,1,3
286,1,2
236,1,1
641,1,3
611,1,3
1017,2,5
757,2,4
781,1,4
559,4,3
16,1,1
416,1,2
861,1,4
189,4,1
1161,1,7
726,1,4
1172,2,7
586,1,3
1106,1,6
221,1,1
646,1,3
676,1,3
306,1,2
413,3,2
482,2,2
477,2,2
336,1,2
61,1,1
426,1,2
542,2,3
727,2,4
1102,2,6
76,1,1
852,2,4
326,1,2
481,1,2
596,1,3
1141,1,7
377,2,2
627,2,3
456,1,2
948,3,5
984,4,5
911,1,4
521,1,3
16,1,1
86,1,1
452,2,2
1057,2,5
261,1,2
149,4,1
1077,2,6
569,4,3
17,2,1
1122,2,6
328,3,2
481,1,2
427,2,2
751,1,4
772,2,4
267,2,2
202,2,1
882,2,4
346,1,2
406,1,2
551,1,3
1146,1,7
676,1,3
861,1,4
961,1,5
162,2,1
666,1,3
1022,2,5
366,1,2
851,1,4
811,1,4
536,1,3
1216,1,9
1026,1,5
846,1,4
182,2,1
391,1,2
1146,1,7
416,1,2
66,1,1
502,2,3
1006,1,5
52,2,1
201,1,1
891,1,4
894,4,4
316,1,2
211,1,1
756,1,4
882,2,4
601,1,3
98,3,1
426,1,2
1091,1,6
611,1,3
927,2,5
751,1,4
578,3,3
487,2,2
206,1,1
318,3,2
821,1,4
991,1,5
741,1,4
546,1,3
413,3,2
181,1,1
1241,1,10
542,2,3
1066,1,6
591,1,3
191,1,1
1027,2,5
252,2,2
391,1,2
101,1,1
652,2,3
57,2,1
491,1,2
721,1,3
1181,1,7
456,1,2
846,1,4
101,1,1
451,1,2
892,2,4
276,1,2
852,2,4
967,2,5
131,1,1
1171,1,7
1027,2,5
661,1,3
963,3,5
964,4,5
1007,2,5
666,1,3
721,1,3
893,3,4
521,1,3
726,1,4
676,1,3
1226,1,9
751,1,4
1187,2,8
1196,1,8
1071,1,6
376,1,2
1071,1,6
1226,1,9
996,1,5
527,2,3
68,3,1
46,1,1
791,1,4
327,2,2
821,1,4
121,1,1
626,1,3
402,2,2
311,1,2
67,2,1
657,2,3
706,1,3
1101,1,6
521,1,3
231,1,1
776,1,4
162,2,1
991,1,5
526,1,3
439,4,2
438,3,2
346,1,2
838,3,4
181,1,1
721,1,3
731,1,4
431,1,2
102,2,1
173,3,1
201,1,1
1091,1,6
501,1,3
792,2,4
871,1,4
197,2,1
736,1,4
1064,4,6
931,1,5
761,1,4
241,1,1
51,1,1
331,1,2
798,3,4
21,1,1
1171,1,7
1042,2,5
491,1,2
476,1,2
743,3,4
1056,1,5
1238,3,10
281,1,2
1211,1,9
732,2,4
1198,3,8
616,1,3
806,1,4
516,1,3
441,1,2
741,1,4
376,1,2
281,1,2
491,1,2
706,1,3
956,1,5
831,1,4
682,2,3
1086,1,6
506,1,3
996,1,5
1047,2,5
351,1,2
772,2,4
496,1,3
96,1,1
1178,3,7
71,1,1
937,2,5
641,1,3
1081,1,6
1056,1,5
1146,1,7
73,3,1
626,1,3
181,1,1
471,1,2
997,2,5
1096,1,6
326,1,2
841,1,4
36,1,1
1176,1,7
446,1,2
846,1,4
1116,1,6
786,1,4
434,4,2
743,3,4
246,1,1
1082,2,6
1191,1,8
1241,1,10
1091,1,6
1006,1,5
1011,1,5
877,2,4
776,1,4
606,1,3
436,1,2
1116,1,6
227,2,1
961,1,5
252,2,2
582,2,3
906,1,4
724,4,3
571,1,3
102,2,1
493,3,2
171,1,1
346,1,2
329,4,2
966,1,5
396,1,2
97,2,1
466,1,2
906,1,4
906,1,4
673,3,3
941,1,5
41,1,1
286,1,2
1237,2,10
286,1,2
351,1,2
6,1,1
1166,1,7
16,1,1
547,2,3
501,1,3
126,1,1
351,1,2
11,1,1
1031,1,5
1141,1,7
342,2,2
766,1,4
1156,1,7
12,2,1
411,1,2
23,3,1
1211,1,9
896,1,4
332,2,2
111,1,1
1191,1,8
1211,1,9
347,2,2
602,2,3
596,1,3
141,1,1
746,1,4
351,1,2
487,2,2
151,1,1
662,2,3
973,3,5
516,1,3
941,1,5
936,1,5
412,2,2
876,1,4
532,2,3
526,1,3
1157,2,7
111,1,1
1241,1,10
231,1,1
951,1,5
16,1,1
897,2,4
1246,1,10
126,1,1
1176,1,7
76,1,1
141,1,1
746,1,4
856,1,4
1051,1,5
261,1,2
151,1,1
257,2,2
297,2,2
221,1,1
1086,1,6
911,1,4
747,2,4
1206,1,8
476,1,2
246,1,1
491,1,2
792,2,4
452,2,2
842,2,4
101,1,1
521,1,3
341,1,2
451,1,2
311,1,2
259,4,2
1036,1,5
26,1,1
288,3,2
1021,1,5
61,1,1
504,4,3
1052,2,5
276,1,2
507,2,3
877,2,4
239,4,1
1116,1,6
646,1,3
441,1,2
66,1,1
622,2,3
461,1,2
167,2,1
501,1,3
371,1,2
817,2,4
1166,1,7
132,2,1
421,1,2
1189,4,8
226,1,1
782,2,4
16,1,1
632,2,3
21,1,1
712,2,3
1137,2,6
26,1,1
176,1,1
32,2,1
401,1,2
992,2,5
811,1,4
1131,1,6
1106,1,6
131,1,1
401,1,2
787,2,4
1221,1,9
1201,1,8
178,3,1
1151,1,7
289,4,2
416,1,2
1052,2,5
317,2,2
787,2,4
551,1,3
371,1,2
479,4,2
1126,1,6
386,1,2
411,1,2
579,4,3
771,1,4
997,2,5
482,2,2
551,1,3
137,2,1
521,1,3
841,1,4
241,1,1
293,3,2
526,1,3
1056,1,5
1186,1,8
506,1,3
261,1,2
961,1,5
323,3,2
296,1,2
712,2,3
586,1,3
1056,1,5
457,2,2
956,1,5
741,1,4
1046,1,5
586,1,3
97,2,1
397,2,2
491,1,2
382,2,2
206,1,1
86,1,1
779,4,4
733,3,4
442,2,2
597,2,3
1012,2,5
791,1,4
1171,1,7
1177,2,7
161,1,1
407,2,2
1177,2,7
496,1,3
221,1,1
566,1,3
106,1,1
796,1,4
863,3,4
132,2,1
182,2,1
1187,2,8
197,2,1
261,1,2
721,1,3
531,1,3
851,1,4
1156,1,7
451,1,2
207,2,1
746,1,4
951,1,5
962,2,5
19,4,1
801,1,4
321,1,2
889,4,4
466,1,2
633,3,3
397,2,2
36,1,1
946,1,5
27,2,1
104,4,1
242,2,1
838,3,4
1206,1,8
497,2,3
911,1,4
1027,2,5
496,1,3
412,2,2
374,4,2
1211,1,9
582,2,3
51,1,1
791,1,4
131,1,1
101,1,1
177,2,1
627,2,3
552,2,3
706,1,3
547,2,3
1127,2,6
381,1,2
1156,1,7
126,1,1
221,1,1
1226,1,9
1212,2,9
881,1,4
396,1,2
707,2,3
251,1,2
1001,1,5
581,1,3
332,2,2
671,1,3
571,1,3
862,2,4
957,2,5
57,2,1
596,1,3
6,1,1
681,1,3
907,2,4
599,4,3
211,1,1
691,1,3
37,2,1
758,3,4
183,3,1
858,3,4
881,1,4
601,1,3
1161,1,7
887,2,4
106,1,1
212,2,1
216,1,1
991,1,5
1146,1,7
1196,1,8
511,1,3
1116,1,6
417,2,2
928,3,5
221,1,1
414,4,2
507,2,3
1112,2,6
161,1,1
21,1,1
978,3,5
51,1,1
1216,1,9
221,1,1
61,1,1
926,1,5
236,1,1
712,2,3
304,4,2
926,1,5
871,1,4
1111,1,6
922,2,5
121,1,1
1061,1,6
341,1,2
386,1,2
1141,1,7
246,1,1
1231,1,10
1191,1,8
237,2,1
828,3,4
601,1,3
1146,1,7
996,1,5
616,1,3
486,1,2
181,1,1
1242,2,10
876,1,4
147,2,1
656,1,3
352,2,2
169,4,1
161,1,1
537,2,3
1137,2,6
341,1,2
196,1,1
496,1,3
12,2,1
267,2,2
961,1,5
607,2,3
332,2,2
601,1,3
786,1,4
38,3,1
1,1,1
101,1,1
336,1,2
741,1,4
291,1,2
416,1,2
1147,2,7
41,1,1
206,1,1
1216,1,9
581,1,3
178,3,1
16,1,1
86,1,1
571,1,3
797,2,4
696,1,3
516,1,3
212,2,1
1146,1,7
1181,1,7
568,3,3
972,2,5
1072,2,6
731,1,4
156,1,1
286,1,2
83,3,1
556,1,3
761,1,4
232,2,1
316,1,2
1032,2,5
106,1,1
877,2,4
726,1,4
929,4,5
1066,1,6
1166,1,7
796,1,4
236,1,1
516,1,3
961,1,5
123,3,1
1216,1,9
307,2,2
986,1,5
1062,2,6
296,1,2
958,3,5
78,3,1
1247,2,10
1183,3,7
316,1,2
1146,1,7
1117,2,6
921,1,5
147,2,1
1006,1,5
236,1,1
617,2,3
366,1,2
251,1,2
1021,1,5
1064,4,6
447,2,2
566,1,3
601,1,3
1116,1,6
401,1,2
1057,2,5
1241,1,10
1191,1,8
311,1,2
1128,3,6
137,2,1
1201,1,8
1053,3,5
1119,4,6
633,3,3
461,1,2
967,2,5
316,1,2
416,1,2
612,2,3
17,2,1
821,1,4
1122,2,6
284,4,2
243,3,1
906,1,4
802,2,4
213,3,1
901,1,4
832,2,4
291,1,2
161,1,1
547,2,3
287,2,2
421,1,2
791,1,4
896,1,4
1242,2,10
866,1,4
81,1,1
172,2,1
456,1,2
1212,2,9
201,1,1
971,1,5
717,2,3
366,1,2
626,1,3
416,1,2
646,1,3
51,1,1
22,2,1
37,2,1
46,1,1
1106,1,6
7,2,1
156,1,1
516,1,3
326,1,2
342,2,2
573,3,3
561,1,3
81,1,1
126,1,1
136,1,1
861,1,4
886,1,4
1096,1,6
261,1,2
572,2,3
601,1,3
611,1,3
587,2,3
7,2,1
1186,1,8
1152,2,7
631,1,3
981,1,5
111,1,1
931,1,5
256,1,2
118,3,1
1151,1,7
641,1,3
443,3,2
522,2,3
331,1,2
751,1,4
481,1,2
161,1,1
756,1,4
1079,4,6
1216,1,9
427,2,2
641,1,3
704,4,3
747,2,4
173,3,1
58,3,1
797,2,4
1211,1,9
921,1,5
437,2,2
616,1,3
1141,1,7
6,1,1
541,1,3
1126,1,6
1186,1,8
866,1,4
151,1,1
1167,2,7
1002,2,5
897,2,4
413,3,2
401,1,2
676,1,3
1061,1,6
1147,2,7
266,1,2
426,1,2
496,1,3
777,2,4
1162,2,7
536,1,3
236,1,1
1226,1,9
498,3,3
1092,2,6
1122,2,6
1236,1,10
1131,1,6
1197,2,8
597,2,3
546,1,3
46,1,1
1041,1,5
586,1,3
1091,1,6
19,4,1
1182,2,7
1011,1,5
1186,1,8
896,1,4
751,1,4
831,1,4
1241,1,10
521,1,3
208,3,1
1187,2,8
881,1,4
492,2,2
686,1,3
207,2,1
1116,1,6
91,1,1
796,1,4
1051,1,5
727,2,4
481,1,2
1191,1,8
956,1,5
726,1,4
31,1,1
482,2,2
1041,1,5
103,3,1
931,1,5
281,1,2
186,1,1
1231,1,10
626,1,3
1151,1,7
751,1,4
91,1,1
1076,1,6
391,1,2
377,2,2
876,1,4
897,2,4
797,2,4
337,2,2
1031,1,5
266,1,2
1082,2,6
1054,4,5
971,1,5
1061,1,6
502,2,3
507,2,3
581,1,3
142,2,1
791,1,4
261,1,2
501,1,3
726,1,4
221,1,1
846,1,4
382,2,2
856,1,4
387,2,2
931,1,5
53,3,1
701,1,3
217,2,1
501,1,3
848,3,4
1076,1,6
1142,2,7
626,1,3
911,1,4
881,1,4
676,1,3
1212,2,9
556,1,3
111,1,1
467,2,2
1026,1,5
388,3,2
706,1,3
401,1,2
781,1,4
841,1,4
1192,2,8
986,1,5
146,1,1
226,1,1
1117,2,6
477,2,2
341,1,2
407,2,2
867,2,4
1132,2,6
551,1,3
1131,1,6
1086,1,6
1072,2,6
576,1,3
1186,1,8
302,2,2
993,3,5
362,2,2
1121,1,6
207,2,1
561,1,3
963,3,5
1121,1,6
298,3,2
941,1,5
886,1,4
632,2,3
964,4,5
672,2,3
416,1,2
371,1,2
1161,1,7
1112,2,6
192,2,1
269,4,2
361,1,2
107,2,1
357,2,2
956,1,5
626,1,3
36,1,1
96,1,1
681,1,3
708,3,3
1026,1,5
1021,1,5
371,1,2
797,2,4
27,2,1
768,3,4
446,1,2
376,1,2
1188,3,8
321,1,2
991,1,5
1091,1,6
457,2,2
97,2,1
246,1,1
661,1,3
537,2,3
51,1,1
1236,1,10
47,2,1
111,1,1
826,1,4
376,1,2
31,1,1
58,3,1
331,1,2
261,1,2
366,1,2
331,1,2
1132,2,6
508,3,3
1137,2,6
717,2,3
21,1,1
121,1,1
1246,1,10
286,1,2
851,1,4
516,1,3
621,1,3
867,2,4
806,1,4
66,1,1
31,1,1
816,1,4
1151,1,7
333,3,2
681,1,3
901,1,4
151,1,1
861,1,4
791,1,4
297,2,2
276,1,2
282,2,2
431,1,2
651,1,3
1181,1,7
213,3,1
876,1,4
22,2,1
637,2,3
772,2,4
741,1,4
406,1,2
691,1,3
1191,1,8
101,1,1
1196,1,8
859,4,4
1107,2,6
1046,1,5
803,3,4
1151,1,7
541,1,3
417,2,2
642,2,3
1011,1,5
496,1,3
1106,1,6
661,1,3
831,1,4
761,1,4
746,1,4
461,1,2
1241,1,10
131,1,1
776,1,4
971,1,5
701,1,3
16,1,1
831,1,4
1181,1,7
63,3,1
1152,2,7
1141,1,7
1091,1,6
476,1,2
139,4,1
862,2,4
527,2,3
131,1,1
796,1,4
6,1,1
21,1,1
901,1,4
617,2,3
991,1,5
736,1,4
527,2,3
946,1,5
266,1,2
1076,1,6
191,1,1
1016,1,5
192,2,1
746,1,4
1156,1,7
211,1,1
66,1,1
866,1,4
366,1,2
526,1,3
616,1,3
566,1,3
1121,1,6
91,1,1
46,1,1
541,1,3
416,1,2
216,1,1
636,1,3
251,1,2
821,1,4
532,2,3
736,1,4
852,2,4
518,3,3
917,2,4
911,1,4
458,3,2
1092,2,6
1141,1,7
22,2,1
976,1,5
2,2,1
1116,1,6
633,3,3
151,1,1
341,1,2
1039,4,5
261,1,2
556,1,3
281,1,2
637,2,3
1126,1,6
591,1,3
1086,1,6
491,1,2
751,1,4
587,2,3
608,3,3
182,2,1
581,1,3
916,1,4
51,1,1
181,1,1
572,2,3
311,1,2
546,1,3
622,2,3
341,1,2
661,1,3
86,1,1
641,1,3
481,1,2
261,1,2
471,1,2
906,1,4
738,3,4
431,1,2
781,1,4
111,1,1
474,4,2
1177,2,7
226,1,1
626,1,3
956,1,5
271,1,2
867,2,4
941,1,5
198,3,1
1192,2,8
541,1,3
772,2,4
647,2,3
671,1,3
1224,4,9
661,1,3
16,1,1
824,4,4
761,1,4
918,3,4
703,3,3
992,2,5
826,1,4
2,2,1
961,1,5
322,2,2
328,3,2
12,2,1
1066,1,6
393,3,2
587,2,3
11,1,1
338,3,2
191,1,1
76,1,1
1191,1,8
936,1,5
422,2,2
396,1,2
882,2,4
452,2,2
551,1,3
411,1,2
771,1,4
816,1,4
896,1,4
926,1,5
468,3,2
1212,2,9
281,1,2
916,1,4
266,1,2
76,1,1
1076,1,6
1026,1,5
777,2,4
1186,1,8
1162,2,7
291,1,2
748,3,4
626,1,3
661,1,3
736,1,4
536,1,3
1026,1,5
643,3,3
1191,1,8
387,2,2
526,1,3
1016,1,5
711,1,3
1121,1,6
766,1,4
731,1,4
246,1,1
346,1,2
1016,1,5
1113,3,6
31,1,1
2,2,1
191,1,1
1221,1,9
676,1,3
172,2,1
947,2,5
772,2,4
181,1,1
1121,1,6
1036,1,5
671,1,3
1226,1,9
1171,1,7
326,1,2
927,2,5
1096,1,6
307,2,2
386,1,2
133,3,1
596,1,3
207,2,1
511,1,3
911,1,4
947,2,5
252,2,2
527,2,3
1101,1,6
816,1,4
192,2,1
1072,2,6
1141,1,7
381,1,2
377,2,2
186,1,1
824,4,4
301,1,2
702,2,3
661,1,3
1172,2,7
581,1,3
1242,2,10
741,1,4
426,1,2
927,2,5
381,1,2
382,2,2
916,1,4
466,1,2
471,1,2
1216,1,9
286,1,2
982,2,5
1226,1,9
356,1,2
587,2,3
37,2,1
631,1,3
9,4,1
861,1,4
41,1,1
342,2,2
418,3,2
546,1,3
817,2,4
661,1,3
1046,1,5
1096,1,6
357,2,2
506,1,3
741,1,4
221,1,1
276,1,2
381,1,2
862,2,4
402,2,2
836,1,4
1036,1,5
676,1,3
401,1,2
976,1,5
41,1,1
367,2,2
961,1,5
1051,1,5
846,1,4
648,3,3
311,1,2
371,1,2
836,1,4
697,2,3
326,1,2
627,2,3
222,2,1
496,1,3
661,1,3
764,4,4
1106,1,6
308,3,2
582,2,3
346,1,2
226,1,1
893,3,4
671,1,3
931,1,5
651,1,3
351,1,2
112,2,1
847,2,4
447,2,2
676,1,3
141,1,1
797,2,4
256,1,2
21,1,1
532,2,3
106,1,1
421,1,2
1007,2,5
961,1,5
1052,2,5
341,1,2
1,1,1
856,1,4
291,1,2
1061,1,6
671,1,3
876,1,4
489,4,2
391,1,2
312,2,2
876,1,4
407,2,2
884,4,4
902,2,4
1022,2,5
1144,4,7
1141,1,7
1072,2,6
801,1,4
1176,1,7
227,2,1
982,2,5
362,2,2
636,1,3
446,1,2
783,3,4
549,4,3
884,4,4
702,2,3
622,2,3
372,2,2
401,1,2
346,1,2
857,2,4
67,2,1
147,2,1
34,4,1
661,1,3
502,2,3
557,2,3
1191,1,8
946,1,5
961,1,5
152,2,1
436,1,2
186,1,1
836,1,4
1076,1,6
601,1,3
247,2,1
837,2,4
796,1,4
751,1,4
402,2,2
266,1,2
271,1,2
27,2,1
224,4,1
991,1,5
186,1,1
677,2,3
906,1,4
578,3,3
866,1,4
616,1,3
26,1,1
392,2,2
911,1,4
746,1,4
786,1,4
411,1,2
321,1,2
226,1,1
16,1,1
256,1,2
181,1,1
191,1,1
871,1,4
392,2,2
51,1,1
807,2,4
1112,2,6
751,1,4
471,1,2
738,3,4
1151,1,7
656,1,3
651,1,3
1057,2,5
366,1,2
536,1,3
991,1,5
51,1,1
611,1,3
971,1,5
666,1,3
626,1,3
493,3,2
208,3,1
861,1,4
1056,1,5
121,1,1
202,2,1
645,5,3
599,4,3
1102,2,6
741,1,4
276,1,2
1161,1,7
741,1,4
631,1,3
36,1,1
112,2,1
748,3,4
371,1,2
159,4,1
922,2,5
611,1,3
431,1,2
952,2,5
1071,1,6
407,2,2
351,1,2
591,1,3
726,1,4
251,1,2
932,2,5
58,3,1
691,1,3
91,1,1
186,1,1
391,1,2
241,1,1
1076,1,6
606,1,3
506,1,3
1186,1,8
731,1,4
418,3,2
1086,1,6
236,1,1
941,1,5
926,1,5
862,2,4
561,1,3
276,1,2
1051,1,5
583,3,3
1068,3,6
336,1,2
606,1,3
602,2,3
1112,2,6
347,2,2
416,1,2
281,1,2
1028,3,5
258,3,2
998,3,5
341,1,2
591,1,3
401,1,2
667,2,3
808,3,4
1231,1,10
611,1,3
466,1,2
416,1,2
257,2,2
1201,1,8
787,2,4
116,1,1
56,1,1
1006,1,5
1011,1,5
516,1,3
736,1,4
231,1,1
1192,2,8
411,1,2
566,1,3
516,1,3
291,1,2
4,4,1
1213,3,9
246,1,1
199,4,1
1141,1,7
866,1,4
1032,2,5
636,1,3
1056,1,5
1211,1,9
338,3,2
199,4,1
1139,4,6
1,1,1
142,2,1
936,1,5
357,2,2
487,2,2
401,1,2
1061,1,6
452,2,2
556,1,3
411,1,2
276,1,2
832,2,4
1168,3,7
771,1,4
592,2,3
436,1,2
166,1,1
717,2,3
956,1,5
866,1,4
392,2,2
1036,1,5
861,1,4
151,1,1
259,4,2
276,1,2
86,1,1
1153,3,7
181,1,1
787,2,4
946,1,5
648,3,3
1151,1,7
986,1,5
917,2,4
519,4,3
556,1,3
1071,1,6
226,1,1
56,1,1
988,3,5
761,1,4
476,1,2
317,2,2
1036,1,5
1,1,1
1046,1,5
1079,4,6
637,2,3
1186,1,8
451,1,2
207,2,1
62,2,1
1192,2,8
476,1,2
878,3,4
816,1,4
982,2,5
496,1,3
646,1,3
317,2,2
58,3,1
231,1,1
816,1,4
272,2,2
642,2,3
896,1,4
203,3,1
226,1,1
806,1,4
957,2,5
227,2,1
821,1,4
107,2,1
666,1,3
221,1,1
1031,1,5
372,2,2
78,3,1
1221,1,9
297,2,2
971,1,5
521,1,3
338,3,2
918,3,4
232,2,1
1036,1,5
63,3,1
166,1,1
596,1,3
441,1,2
1176,1,7
271,1,2
1196,1,8
141,1,1
406,1,2
512,2,3
936,1,5
926,1,5
316,1,2
427,2,2
371,1,2
856,1,4
1237,2,10
1106,1,6
492,2,2
953,3,5
526,1,3
416,1,2
1157,2,7
746,1,4
281,1,2
613,3,3
496,1,3
961,1,5
197,2,1
316,1,2
636,1,3
121,1,1
921,1,5
611,1,3
796,1,4
11,1,1
722,2,3
1226,1,9
401,1,2
712,2,3
21,1,1
1219,4,9
1241,1,10
92,2,1
646,1,3
662,2,3
451,1,2
596,1,3
352,2,2
1116,1,6
386,1,2
1101,1,6
426,1,2
392,2,2
1236,1,10
203,3,1
806,1,4
896,1,4
741,1,4
717,2,3
981,1,5
163,3,1
654,4,3
1051,1,5
832,2,4
1026,1,5
871,1,4
174,4,1
266,1,2
1091,1,6
21,1,1
186,1,1
966,1,5
1056,1,5
562,2,3
332,2,2
368,3,2
402,2,2
181,1,1
393,3,2
601,1,3
151,1,1
1136,1,6
1181,1,7
436,1,2
86,1,1
1121,1,6
1122,2,6
596,1,3
1196,1,8
362,2,2
266,1,2
757,2,4
141,1,1
352,2,2
1231,1,10
942,2,5
92,2,1
441,1,2
866,1,4
87,2,1
928,3,5
956,1,5
417,2,2
917,2,4
1056,1,5
672,2,3
592,2,3
1207,2,8
531,1,3
301,1,2
521,1,3
761,1,4
797,2,4
172,2,1
683,3,3
101,1,1
967,2,5
31,1,1
251,1,2
161,1,1
382,2,2
212,2,1
1242,2,10
786,1,4
91,1,1
541,1,3
896,1,4
416,1,2
96,1,1
926,1,5
642,2,3
1226,1,9
311,1,2
661,1,3
81,1,1
291,1,2
591,1,3
228,3,1
621,1,3
1087,2,6
257,2,2
161,1,1
17,2,1
816,1,4
687,2,3
981,1,5
851,1,4
961,1,5
1011,1,5
731,1,4
811,1,4
166,1,1
261,1,2
746,1,4
712,2,3
748,3,4
1146,1,7
1176,1,7
687,2,3
571,1,3
626,1,3
1051,1,5
981,1,5
447,2,2
1156,1,7
11,1,1
91,1,1
277,2,2
821,1,4
202,2,1
136,1,1
1197,2,8
643,3,3
1126,1,6
486,1,2
437,2,2
1162,2,7
236,1,1
163,3,1
576,1,3
972,2,5
227,2,1
1061,1,6
408,3,2
1106,1,6
1016,1,5
451,1,2
466,1,2
1142,2,7
787,2,4
1071,1,6
161,1,1
1046,1,5
1184,4,7
726,1,4
26,1,1
11,1,1
371,1,2
336,1,2
241,1,1
966,1,5
589,4,3
606,1,3
841,1,4
347,2,2
826,1,4
497,2,3
161,1,1
1072,2,6
1107,2,6
1146,1,7
766,1,4
966,1,5
1027,2,5
16,1,1
241,1,1
747,2,4
1241,1,10
1,1,1
393,3,2
1127,2,6
1131,1,6
892,2,4
1172,2,7
297,2,2
148,3,1
961,1,5
666,1,3
871,1,4
1136,1,6
62,2,1
641,1,3
1201,1,8
912,2,4
1191,1,8
531,1,3
334,4,2
782,2,4
441,1,2
906,1,4
774,4,4
1223,3,9
816,1,4
506,1,3
526,1,3
511,1,3
647,2,3
691,1,3
326,1,2
146,1,1
457,2,2
843,3,4
607,2,3
181,1,1
171,1,1
1201,1,8
1046,1,5
1076,1,6
851,1,4
106,1,1
1207,2,8
1041,1,5
811,1,4
197,2,1
853,3,4
501,1,3
361,1,2
552,2,3
342,2,2
51,1,1
766,1,4
896,1,4
377,2,2
581,1,3
59,4,1
1094,4,6
536,1,3
876,1,4
203,3,1
176,1,1
481,1,2
462,2,2
181,1,1
996,1,5
96,1,1
627,2,3
1136,1,6
1091,1,6
451,1,2
1011,1,5
1031,1,5
657,2,3
951,1,5
1086,1,6
427,2,2
977,2,5
598,3,3
877,2,4
851,1,4
647,2,3
1192,2,8
361,1,2
126,1,1
968,3,5
593,3,3
866,1,4
752,2,4
371,1,2
666,1,3
657,2,3
731,1,4
312,2,2
822,2,4
1116,1,6
297,2,2
462,2,2
631,1,3
181,1,1
291,1,2
481,1,2
1011,1,5
158,3,1
546,1,3
472,2,2
281,1,2
51,1,1
657,2,3
101,1,1
326,1,2
726,1,4
356,1,2
386,1,2
1201,1,8
696,1,3
276,1,2
576,1,3
1201,1,8
871,1,4
1012,2,5
716,1,3
1001,1,5
1096,1,6
101,1,1
371,1,2
401,1,2
222,2,1
921,1,5
979,4,5
491,1,2
221,1,1
1091,1,6
1162,2,7
721,1,3
592,2,3
832,2,4
11,1,1
442,2,2
1056,1,5
377,2,2
396,1,2
286,1,2
881,1,4
926,1,5
86,1,1
536,1,3
842,2,4
87,2,1
106,1,1
256,1,2
1,1,1
31,1,1
436,1,2
306,1,2
1097,2,6
1226,1,9
384,4,2
608,3,3
1122,2,6
461,1,2
963,3,5
251,1,2
1191,1,8
581,1,3
161,1,1
491,1,2
1216,1,9
111,1,1
17,2,1
126,1,1
321,1,2
1166,1,7
1192,2,8
816,1,4
447,2,2
896,1,4
776,1,4
36,1,1
46,1,1
726,1,4
87,2,1
951,1,5
916,1,4
843,3,4
442,2,2
687,2,3
477,2,2
741,1,4
26,1,1
1047,2,5
381,1,2
446,1,2
671,1,3
86,1,1
286,1,2
629,4,3
991,1,5
161,1,1
1093,3,6
1186,1,8
606,1,3
1126,1,6
241,1,1
431,1,2
121,1,1
461,1,2
966,1,5
661,1,3
236,1,1
778,3,4
836,1,4
694,4,3
451,1,2
491,1,2
362,2,2
846,1,4
91,1,1
167,2,1
1228,3,9
152,2,1
96,1,1
681,1,3
717,2,3
406,1,2
1166,1,7
526,1,3
607,2,3
1046,1,5
782,2,4
722,2,3
941,1,5
416,1,2
1136,1,6
121,1,1
256,1,2
971,1,5
1176,1,7
302,2,2
1141,1,7
766,1,4
1177,2,7
576,1,3
976,1,5
946,1,5
246,1,1
286,1,2
436,1,2
1176,1,7
791,1,4
1113,3,6
671,1,3
1146,1,7
1086,1,6
596,1,3
1242,2,10
83,3,1
321,1,2
267,2,2
151,1,1
827,2,4
261,1,2
1072,2,6
46,1,1
456,1,2
631,1,3
417,2,2
931,1,5
987,2,5
201,1,1
301,1,2
732,2,4
856,1,4
1242,2,10
671,1,3
912,2,4
546,1,3
901,1,4
776,1,4
641,1,3
846,1,4
226,1,1
81,1,1
496,1,3
407,2,2
756,1,4
141,1,1
867,2,4
461,1,2
426,1,2
617,2,3
446,1,2
727,2,4
1086,1,6
577,2,3
896,1,4
646,1,3
556,1,3
253,3,2
926,1,5
651,1,3
71,1,1
1126,1,6
477,2,2
791,1,4
1051,1,5
1072,2,6
802,2,4
657,2,3
811,1,4
137,2,1
586,1,3
246,1,1
646,1,3
916,1,4
742,2,4
491,1,2
591,1,3
926,1,5
16,1,1
226,1,1
1056,1,5
911,1,4
751,1,4
1247,2,10
157,2,1
721,1,3
431,1,2
746,1,4
1106,1,6
367,2,2
31,1,1
776,1,4
1086,1,6
386,1,2
451,1,2
219,4,1
151,1,1
586,1,3
111,1,1
266,1,2
332,2,2
991,1,5
541,1,3
381,1,2
236,1,1
511,1,3
982,2,5
556,1,3
271,1,2
36,1,1
102,2,1
266,1,2
356,1,2
487,2,2
718,3,3
861,1,4
1201,1,8
637,2,3
691,1,3
917,2,4
947,2,5
124,4,1
96,1,1
98,3,1
556,1,3
1086,1,6
446,1,2
1246,1,10
81,1,1
373,3,2
436,1,2
1077,2,6
296,1,2
261,1,2
92,2,1
231,1,1
21,1,1
926,1,5
1091,1,6
74,4,1
908,3,4
291,1,2
496,1,3
211,1,1
1042,2,5
1221,1,9
136,1,1
706,1,3
461,1,2
358,3,2
596,1,3
61,1,1
23,3,1
816,1,4
1061,1,6
761,1,4
486,1,2
512,2,3
607,2,3
731,1,4
86,1,1
761,1,4
316,1,2
112,2,1
1006,1,5
47,2,1
136,1,1
1076,1,6
1156,1,7
1231,1,10
676,1,3
123,3,1
302,2,2
31,1,1
1171,1,7
626,1,3
342,2,2
206,1,1
1237,2,10
1117,2,6
261,1,2
396,1,2
96,1,1
741,1,4
762,2,4
288,3,2
208,3,1
726,1,4
811,1,4
1191,1,8
716,1,3
11,1,1
361,1,2
547,2,3
1031,1,5
847,2,4
471,1,2
708,3,3
566,1,3
871,1,4
862,2,4
616,1,3
211,1,1
1016,1,5
771,1,4
1201,1,8
76,1,1
271,1,2
602,2,3
302,2,2
759,4,4
973,3,5
381,1,2
646,1,3
1061,1,6
1191,1,8
856,1,4
182,2,1
77,2,1
156,1,1
997,2,5
66,1,1
762,2,4
678,3,3
1032,2,5
6,1,1
47,2,1
1091,1,6
471,1,2
1022,2,5
196,1,1
161,1,1
76,1,1
192,2,1
221,1,1
1244,4,10
442,2,2
256,1,2
1061,1,6
357,2,2
292,2,2
861,1,4
871,1,4
167,2,1
528,3,3
1107,2,6
1130,5,6
1081,1,6
1056,1,5
152,2,1
578,3,3
1026,1,5
707,2,3
1201,1,8
471,1,2
631,1,3
538,3,3
1181,1,7
157,2,1
1106,1,6
716,1,3
406,1,2
1246,1,10
1068,3,6
681,1,3
616,1,3
806,1,4
361,1,2
566,1,3
1021,1,5
349,4,2
1177,2,7
456,1,2
801,1,4
1134,4,6
166,1,1
607,2,3
398,3,2
456,1,2
789,4,4
957,2,5
412,2,2
937,2,5
1182,2,7
121,1,1
162,2,1
791,1,4
1104,4,6
541,1,3
951,1,5
1026,1,5
582,2,3
11,1,1
1036,1,5
1241,1,10
912,2,4
707,2,3
1072,2,6
1096,1,6
958,3,5
82,2,1
826,1,4
69,4,1
1007,2,5
1,1,1
406,1,2
321,1,2
687,2,3
886,1,4
1026,1,5
1016,1,5
97,2,1
803,3,4
1031,1,5
1236,1,10
952,2,5
671,1,3
196,1,1
877,2,4
742,2,4
772,2,4
1086,1,6
1111,1,6
202,2,1
386,1,2
1096,1,6
406,1,2
906,1,4
241,1,1
371,1,2
226,1,1
361,1,2
991,1,5
411,1,2
667,2,3
536,1,3
872,2,4
541,1,3
81,1,1
383,3,2
831,1,4
1238,3,10
801,1,4
27,2,1
777,2,4
946,1,5
911,1,4
171,1,1
426,1,2
332,2,2
1146,1,7
91,1,1
907,2,4
201,1,1
466,1,2
1098,3,6
1037,2,5
361,1,2
122,2,1
1161,1,7
851,1,4
886,1,4
901,1,4
222,2,1
482,2,2
111,1,1
746,1,4
721,1,3
697,2,3
382,2,2
196,1,1
672,2,3
227,2,1
71,1,1
621,1,3
263,3,2
48,3,1
601,1,3
512,2,3
226,1,1
266,1,2
641,1,3
336,1,2
12,2,1
617,2,3
1056,1,5
877,2,4
467,2,2
1227,2,9
851,1,4
906,1,4
1002,2,5
206,1,1
1011,1,5
266,1,2
2,2,1
36,1,1
712,2,3
656,1,3
681,1,3
201,1,1
851,1,4
1091,1,6
567,2,3
376,1,2
1046,1,5
136,1,1
211,1,1
1176,1,7
556,1,3
444,4,2
981,1,5
546,1,3
699,4,3
496,1,3
812,2,4
66,1,1
786,1,4
936,1,5
1206,1,8
81,1,1
1061,1,6
852,2,4
1096,1,6
722,2,3
321,1,2
82,2,1
727,2,4
31,1,1
451,1,2
957,2,5
1066,1,6
552,2,3
241,1,1
1231,1,10
1196,1,8
776,1,4
641,1,3
546,1,3
1211,1,9
472,2,2
226,1,1
1122,2,6
960,5,5
456,1,2
1052,2,5
1232,2,10
1091,1,6
72,2,1
1201,1,8
901,1,4
764,4,4
893,3,4
618,3,3
21,1,1
961,1,5
92,2,1
856,1,4
91,1,1
703,3,3
291,1,2
26,1,1
972,2,5
511,1,3
1206,1,8
431,1,2
591,1,3
389,4,2
772,2,4
881,1,4
482,2,2
1166,1,7
791,1,4
3,3,1
1211,1,9
972,2,5
913,3,4
1241,1,10
382,2,2
346,1,2
1011,1,5
926,1,5
411,1,2
436,1,2
37,2,1
246,1,1
326,1,2
346,1,2
343,3,2
321,1,2
131,1,1
631,1,3
666,1,3
1117,2,6
61,1,1
1238,3,10
1011,1,5
23,3,1
913,3,4
1211,1,9
442,2,2
1,1,1
341,1,2
511,1,3
327,2,2
1176,1,7
992,2,5
606,1,3
136,1,1
1091,1,6
636,1,3
1201,1,8
506,1,3
1247,2,10
9,4,1
387,2,2
1182,2,7
6,1,1
201,1,1
16,1,1
54,4,1
662,2,3
617,2,3
566,1,3
31,1,1
366,1,2
1113,3,6
376,1,2
802,2,4
447,2,2
191,1,1
531,1,3
1001,1,5
951,1,5
1096,1,6
12,2,1
621,1,3
512,2,3
771,1,4
561,1,3
186,1,1
517,2,3
46,1,1
1139,4,6
957,2,5
287,2,2
1236,1,10
186,1,1
621,1,3
1121,1,6
884,4,4
46,1,1
101,1,1
77,2,1
411,1,2
1111,1,6
1076,1,6
41,1,1
892,2,4
336,1,2
437,2,2
81,1,1
676,1,3
579,4,3
1058,3,5
76,1,1
166,1,1
1233,3,10
652,2,3
517,2,3
271,1,2
1196,1,8
146,1,1
227,2,1
52,2,1
86,1,1
1041,1,5
311,1,2
371,1,2
431,1,2
516,1,3
962,2,5
711,1,3
838,3,4
821,1,4
1066,1,6
751,1,4
1148,3,7
471,1,2
756,1,4
597,2,3
676,1,3
456,1,2
327,2,2
1091,1,6
356,1,2
301,1,2
308,3,2
1137,2,6
641,1,3
1002,2,5
201,1,1
1096,1,6
1011,1,5
158,3,1
786,1,4
942,2,5
951,1,5
1231,1,10
1062,2,6
927,2,5
636,1,3
551,1,3
1036,1,5
1133,3,6
877,2,4
902,2,4
1081,1,6
601,1,3
591,1,3
1082,2,6
757,2,4
657,2,3
1006,1,5
606,1,3
726,1,4
1068,3,6
1137,2,6
736,1,4
911,1,4
514,4,3
151,1,1
611,1,3
488,3,2
811,1,4
827,2,4
126,1,1
298,3,2
1016,1,5
531,1,3
73,3,1
1008,3,5
191,1,1
108,3,1
872,2,4
67,2,1
1007,2,5
843,3,4
906,1,4
562,2,3
681,1,3
536,1,3
161,1,1
671,1,3
94,4,1
1196,1,8
261,1,2
821,1,4
431,1,2
787,2,4
51,1,1
686,1,3
451,1,2
317,2,2
641,1,3
572,2,3
821,1,4
277,2,2
726,1,4
176,1,1
237,2,1
976,1,5
607,2,3
371,1,2
936,1,5
861,1,4
232,2,1
1077,2,6
951,1,5
701,1,3
311,1,2
367,2,2
226,1,1
607,2,3
811,1,4
541,1,3
356,1,2
451,1,2
1061,1,6
697,2,3
527,2,3
217,2,1
316,1,2
291,1,2
1006,1,5
391,1,2
622,2,3
426,1,2
1176,1,7
281,1,2
931,1,5
851,1,4
77,2,1
206,1,1
1226,1,9
672,2,3
71,1,1
697,2,3
651,1,3
671,1,3
921,1,5
231,1,1
1081,1,6
261,1,2
602,2,3
761,1,4
766,1,4
1226,1,9
861,1,4
93,3,1
516,1,3
556,1,3
816,1,4
667,2,3
836,1,4
1196,1,8
591,1,3
751,1,4
741,1,4
331,1,2
391,1,2
828,3,4
826,1,4
1241,1,10
756,1,4
126,1,1
972,2,5
996,1,5
691,1,3
1091,1,6
126,1,1
1122,2,6
991,1,5
1149,4,7
1067,2,6
822,2,4
191,1,1
376,1,2
811,1,4
41,1,1
161,1,1
276,1,2
392,2,2
96,1,1
392,2,2
107,2,1
962,2,5
1027,2,5
871,1,4
194,4,1
39,4,1
157,2,1
873,3,4
826,1,4
871,1,4
623,3,3
367,2,2
987,2,5
212,2,1
896,1,4
226,1,1
587,2,3
54,4,1
817,2,4
1231,1,10
1074,4,6
366,1,2
547,2,3
841,1,4
193,3,1
293,3,2
1161,1,7
547,2,3
752,2,4
682,2,3
1021,1,5
1171,1,7
582,2,3
967,2,5
516,1,3
336,1,2
681,1,3
57,2,1
783,3,4
812,2,4
1181,1,7
856,1,4
1021,1,5
817,2,4
141,1,1
426,1,2
866,1,4
141,1,1
539,4,3
1086,1,6
266,1,2
856,1,4
991,1,5
631,1,3
506,1,3
1136,1,6
861,1,4
501,1,3
1006,1,5
361,1,2
159,4,1
487,2,2
476,1,2
159,4,1
181,1,1
642,2,3
1137,2,6
296,1,2
221,1,1
736,1,4
66,1,1
447,2,2
746,1,4
31,1,1
182,2,1
937,2,5
916,1,4
231,1,1
1226,1,9
764,4,4
128,3,1
1136,1,6
426,1,2
976,1,5
1163,3,7
217,2,1
921,1,5
106,1,1
1008,3,5
826,1,4
211,1,1
946,1,5
1,1,1
636,1,3
586,1,3
431,1,2
41,1,1
266,1,2
916,1,4
837,2,4
341,1,2
393,3,2
731,1,4
1071,1,6
1047,2,5
861,1,4
1218,3,9
936,1,5
927,2,5
811,1,4
351,1,2
972,2,5
131,1,1
831,1,4
41,1,1
792,2,4
816,1,4
331,1,2
862,2,4
457,2,2
47,2,1
331,1,2
863,3,4
921,1,5
703,3,3
787,2,4
898,3,4
358,3,2
1133,3,6
616,1,3
1161,1,7
1192,2,8
1248,3,10
1147,2,7
116,1,1
1232,2,10
171,1,1
256,1,2
597,2,3
831,1,4
526,1,3
612,2,3
481,1,2
641,1,3
779,4,4
331,1,2
126,1,1
341,1,2
378,3,2
569,4,3
227,2,1
102,2,1
532,2,3
791,1,4
1046,1,5
197,2,1
581,1,3
731,1,4
816,1,4
51,1,1
736,1,4
1131,1,6
1001,1,5
791,1,4
267,2,2
1171,1,7
687,2,3
1147,2,7
692,2,3
266,1,2
236,1,1
551,1,3
106,1,1
1204,4,8
1032,2,5
911,1,4
786,1,4
917,2,4
1121,1,6
1051,1,5
291,1,2
146,1,1
26,1,1
1226,1,9
951,1,5
1141,1,7
581,1,3
741,1,4
1121,1,6
1124,4,6
196,1,1
834,4,4
231,1,1
16,1,1
443,3,2
772,2,4
531,1,3
546,1,3
386,1,2
406,1,2
363,3,2
776,1,4
116,1,1
601,1,3
367,2,2
367,2,2
1171,1,7
1146,1,7
722,2,3
989,4,5
1096,1,6
538,3,3
226,1,1
1016,1,5
587,2,3
202,2,1
1066,1,6
436,1,2
377,2,2
602,2,3
62,2,1
646,1,3
716,1,3
686,1,3
1242,2,10
1202,2,8
291,1,2
1196,1,8
86,1,1
116,1,1
521,1,3
307,2,2
178,3,1
262,2,2
391,1,2
851,1,4
644,4,3
582,2,3
352,2,2
226,1,1
101,1,1
396,1,2
1127,2,6
1056,1,5
741,1,4
153,3,1
636,1,3
871,1,4
181,1,1
262,2,2
781,1,4
166,1,1
556,1,3
657,2,3
147,2,1
1189,4,8
406,1,2
1131,1,6
1072,2,6
1157,2,7
46,1,1
1242,2,10
996,1,5
104,4,1
576,1,3
653,3,3
1076,1,6
51,1,1
507,2,3
456,1,2
1113,3,6
11,1,1
656,1,3
751,1,4
887,2,4
1136,1,6
1022,2,5
49,4,1
221,1,1
161,1,1
571,1,3
606,1,3
87,2,1
1196,1,8
57,2,1
508,3,3
556,1,3
62,2,1
537,2,3
1126,1,6
326,1,2
451,1,2
288,3,2
307,2,2
31,1,1
987,2,5
327,2,2
576,1,3
702,2,3
767,2,4
716,1,3
286,1,2
83,3,1
366,1,2
1046,1,5
176,1,1
421,1,2
1187,2,8
946,1,5
786,1,4
296,1,2
1126,1,6
351,1,2
796,1,4
1218,3,9
1018,3,5
727,2,4
151,1,1
761,1,4
1246,1,10
496,1,3
772,2,4
701,1,3
22,2,1
1211,1,9
371,1,2
1051,1,5
596,1,3
501,1,3
986,1,5
121,1,1
921,1,5
738,3,4
916,1,4
819,4,4
482,2,2
148,3,1
436,1,2
1222,2,9
1108,3,6
476,1,2
458,3,2
551,1,3
406,1,2
538,3,3
913,3,4
131,1,1
593,3,3
436,1,2
1011,1,5
846,1,4
669,4,3
542,2,3
1091,1,6
146,1,1
449,4,2
756,1,4
752,2,4
907,2,4
401,1,2
326,1,2
941,1,5
1236,1,10
1116,1,6
581,1,3
497,2,3
211,1,1
586,1,3
511,1,3
151,1,1
76,1,1
712,2,3
1071,1,6
608,3,3
642,2,3
511,1,3
603,3,3
386,1,2
61,1,1
31,1,1
1076,1,6
1177,2,7
306,1,2
516,1,3
141,1,1
1001,1,5
1127,2,6
1096,1,6
1016,1,5
281,1,2
1211,1,9
861,1,4
1218,3,9
827,2,4
617,2,3
786,1,4
937,2,5
1107,2,6
881,1,4
26,1,1
1166,1,7
796,1,4
667,2,3
421,1,2
306,1,2
956,1,5
526,1,3
1246,1,10
647,2,3
991,1,5
1041,1,5
423,3,2
911,1,4
611,1,3
866,1,4
601,1,3
196,1,1
516,1,3
1201,1,8
887,2,4
806,1,4
356,1,2
1146,1,7
831,1,4
191,1,1
391,1,2
591,1,3
156,1,1
87,2,1
998,3,5
296,1,2
366,1,2
467,2,2
186,1,1
641,1,3
717,2,3
307,2,2
466,1,2
811,1,4
632,2,3
1021,1,5
476,1,2
42,2,1
841,1,4
1222,2,9
197,2,1
957,2,5
991,1,5
52,2,1
826,1,4
221,1,1
1122,2,6
1229,4,9
47,2,1
536,1,3
11,1,1
81,1,1
757,2,4
803,3,4
281,1,2
236,1,1
901,1,4
326,1,2
1201,1,8
527,2,3
1081,1,6
354,4,2
357,2,2
1183,3,7
481,1,2
972,2,5
898,3,4
146,1,1
572,2,3
956,1,5
402,2,2
66,1,1
27,2,1
1096,1,6
676,1,3
569,4,3
1036,1,5
979,4,5
971,1,5
1002,2,5
24,4,1
576,1,3
923,3,5
231,1,1
881,1,4
991,1,5
169,4,1
1051,1,5
1041,1,5
876,1,4
77,2,1
501,1,3
801,1,4
533,3,3
1186,1,8
82,2,1
151,1,1
766,1,4
766,1,4
587,2,3
436,1,2
1021,1,5
76,1,1
282,2,2
1201,1,8
682,2,3
506,1,3
886,1,4
516,1,3
876,1,4
621,1,3
221,1,1
342,2,2
786,1,4
418,3,2
376,1,2
132,2,1
996,1,5
787,2,4
981,1,5
696,1,3
351,1,2
971,1,5
291,1,2
12,2,1
546,1,3
1167,2,7
1242,2,10
516,1,3
448,3,2
1181,1,7
772,2,4
651,1,3
141,1,1
1219,4,9
1121,1,6
382,2,2
656,1,3
677,2,3
981,1,5
546,1,3
822,2,4
203,3,1
917,2,4
947,2,5
1216,1,9
871,1,4
791,1,4
343,3,2
1197,2,8
1101,1,6
557,2,3
151,1,1
311,1,2
742,2,4
561,1,3
806,1,4
1096,1,6
682,2,3
62,2,1
631,1,3
697,2,3
1141,1,7
87,2,1
896,1,4
1016,1,5
461,1,2
946,1,5
231,1,1
226,1,1
51,1,1
791,1,4
197,2,1
187,2,1
681,1,3
57,2,1
1216,1,9
31,1,1
267,2,2
986,1,5
876,1,4
1001,1,5
457,2,2
841,1,4
1197,2,8
591,1,3
1081,1,6
851,1,4
331,1,2
616,1,3
338,3,2
944,4,5
566,1,3
891,1,4
961,1,5
1221,1,9
166,1,1
687,2,3
627,2,3
1181,1,7
506,1,3
312,2,2
1146,1,7
786,1,4
891,1,4
541,1,3
384,4,2
41,1,1
1123,3,6
757,2,4
282,2,2
512,2,3
91,1,1
371,1,2
511,1,3
856,1,4
707,2,3
467,2,2
321,1,2
397,2,2
1201,1,8
417,2,2
201,1,1
388,3,2
692,2,3
226,1,1
211,1,1
597,2,3
1122,2,6
103,3,1
1187,2,8
1097,2,6
1196,1,8
216,1,1
1047,2,5
252,2,2
26,1,1
971,1,5
157,2,1
327,2,2
81,1,1
821,1,4
931,1,5
782,2,4
226,1,1
1196,1,8
281,1,2
706,1,3
117,2,1
36,1,1
441,1,2
1172,2,7
1092,2,6
502,2,3
278,3,2
321,1,2
651,1,3
241,1,1
411,1,2
356,1,2
136,1,1
1166,1,7
621,1,3
32,2,1
511,1,3
597,2,3
956,1,5
416,1,2
561,1,3
936,1,5
1036,1,5
1026,1,5
891,1,4
256,1,2
791,1,4
156,1,1
516,1,3
567,2,3
611,1,3
1197,2,8
241,1,1
132,2,1
1051,1,5
916,1,4
596,1,3
957,2,5
761,1,4
6,1,1
456,1,2
216,1,1
1181,1,7
481,1,2
71,1,1
206,1,1
376,1,2
221,1,1
271,1,2
544,4,3
616,1,3
6,1,1
841,1,4
226,1,1
341,1,2
1221,1,9
977,2,5
106,1,1
366,1,2
1216,1,9
867,2,4
474,4,2
1012,2,5
181,1,1
172,2,1
218,3,1
221,1,1
171,1,1
661,1,3
171,1,1
682,2,3
1211,1,9
51,1,1
1008,3,5
376,1,2
856,1,4
1241,1,10
121,1,1
801,1,4
516,1,3
809,4,4
591,1,3
276,1,2
428,3,2
636,1,3
92,2,1
176,1,1
372,2,2
376,1,2
1168,3,7
906,1,4
1206,1,8
391,1,2
616,1,3
1071,1,6
227,2,1
127,2,1
566,1,3
276,1,2
1171,1,7
451,1,2
1026,1,5
1011,1,5
721,1,3
651,1,3
1042,2,5
446,1,2
887,2,4
1041,1,5
522,2,3
396,1,2
902,2,4
527,2,3
401,1,2
309,4,2
61,1,1
1146,1,7
1011,1,5
6,1,1
466,1,2
18,3,1
1131,1,6
86,1,1
1211,1,9
1236,1,10
266,1,2
472,2,2
672,2,3
161,1,1
1181,1,7
386,1,2
587,2,3
116,1,1
561,1,3
1171,1,7
241,1,1
796,1,4
1046,1,5
517,2,3
1061,1,6
924,4,5
406,1,2
148,3,1
256,1,2
186,1,1
586,1,3
458,3,2
1157,2,7
176,1,1
291,1,2
702,2,3
143,3,1
346,1,2
901,1,4
411,1,2
931,1,5
251,1,2
906,1,4
1146,1,7
1216,1,9
1213,3,9
172,2,1
1068,3,6
548,3,3
671,1,3
1241,1,10
798,3,4
111,1,1
992,2,5
674,4,3
976,1,5
516,1,3
386,1,2
1091,1,6
306,1,2
556,1,3
1237,2,10
312,2,2
386,1,2
256,1,2
991,1,5
971,1,5
181,1,1
851,1,4
486,1,2
542,2,3
488,3,2
646,1,3
546,1,3
577,2,3
219,4,1
452,2,2
74,4,1
401,1,2
231,1,1
882,2,4
556,1,3
631,1,3
29,4,1
916,1,4
462,2,2
671,1,3
851,1,4
1076,1,6
882,2,4
453,3,2
1111,1,6
366,1,2
776,1,4
896,1,4
411,1,2
181,1,1
1016,1,5
537,2,3
1056,1,5
556,1,3
858,3,4
1221,1,9
487,2,2
1116,1,6
271,1,2
311,1,2
1137,2,6
347,2,2
436,1,2
436,1,2
696,1,3
187,2,1
451,1,2
1156,1,7
699,4,3
251,1,2
61,1,1
1052,2,5
1171,1,7
919,4,4
3,3,1
1111,1,6
141,1,1
463,3,2
776,1,4
926,1,5
101,1,1
1146,1,7
261,1,2
677,2,3
211,1,1
256,1,2
1117,2,6
546,1,3
876,1,4
96,1,1
371,1,2
652,2,3
172,2,1
296,1,2
202,2,1
616,1,3
216,1,1
616,1,3
1136,1,6
491,1,2
1241,1,10
961,1,5
916,1,4
311,1,2
261,1,2
92,2,1
86,1,1
786,1,4
911,1,4
621,1,3
352,2,2
847,2,4
877,2,4
613,3,3
737,2,4
236,1,1
391,1,2
897,2,4
552,2,3
726,1,4
891,1,4
561,1,3
328,3,2
1027,2,5
596,1,3
591,1,3
296,1,2
1141,1,7
96,1,1
571,1,3
787,2,4
842,2,4
1106,1,6
1216,1,9
312,2,2
436,1,2
696,1,3
291,1,2
777,2,4
666,1,3
926,1,5
366,1,2
571,1,3
401,1,2
447,2,2
653,3,3
376,1,2
426,1,2
432,2,2
1081,1,6
846,1,4
1152,2,7
31,1,1
57,2,1
1142,2,7
721,1,3
791,1,4
632,2,3
146,1,1
237,2,1
1246,1,10
372,2,2
1026,1,5
516,1,3
321,1,2
341,1,2
1222,2,9
736,1,4
366,1,2
671,1,3
223,3,1
358,3,2
761,1,4
733,3,4
426,1,2
587,2,3
1156,1,7
222,2,1
172,2,1
41,1,1
1241,1,10
916,1,4
1091,1,6
126,1,1
646,1,3
86,1,1
2,2,1
401,1,2
547,2,3
1041,1,5
1116,1,6
682,2,3
107,2,1
616,1,3
417,2,2
207,2,1
666,1,3
647,2,3
916,1,4
401,1,2
1201,1,8
671,1,3
702,2,3
981,1,5
456,1,2
402,2,2
796,1,4
606,1,3
507,2,3
1042,2,5
796,1,4
1112,2,6
86,1,1
266,1,2
532,2,3
1086,1,6
376,1,2
151,1,1
56,1,1
327,2,2
1176,1,7
791,1,4
216,1,1
122,2,1
162,2,1
67,2,1
861,1,4
76,1,1
66,1,1
837,2,4
411,1,2
61,1,1
582,2,3
936,1,5
816,1,4
1221,1,9
1249,4,10
1067,2,6
493,3,2
26,1,1
1096,1,6
812,2,4
561,1,3
377,2,2
1161,1,7
1147,2,7
887,2,4
84,4,1
353,3,2
1058,3,5
1141,1,7
393,3,2
651,1,3
491,1,2
628,3,3
306,1,2
97,2,1
197,2,1
193,3,1
891,1,4
506,1,3
1071,1,6
966,1,5
617,2,3
772,2,4
1147,2,7
1222,2,9
498,3,3
1061,1,6
1211,1,9
226,1,1
837,2,4
1052,2,5
837,2,4
1001,1,5
566,1,3
876,1,4
507,2,3
451,1,2
51,1,1
626,1,3
511,1,3
717,2,3
66,1,1
1041,1,5
461,1,2
1033,3,5
1127,2,6
87,2,1
231,1,1
401,1,2
482,2,2
476,1,2
156,1,1
1196,1,8
106,1,1
297,2,2
1111,1,6
847,2,4
741,1,4
511,1,3
946,1,5
1081,1,6
917,2,4
1086,1,6
1081,1,6
42,2,1
1152,2,7
111,1,1
191,1,1
1036,1,5
19,4,1
732,2,4
242,2,1
672,2,3
934,4,5
1186,1,8
796,1,4
237,2,1
363,3,2
516,1,3
646,1,3
751,1,4
41,1,1
691,1,3
276,1,2
406,1,2
861,1,4
632,2,3
216,1,1
1221,1,9
641,1,3
411,1,2
1016,1,5
517,2,3
197,2,1
271,1,2
792,2,4
1086,1,6
719,4,3
461,1,2
374,4,2
1033,3,5
501,1,3
821,1,4
447,2,2
401,1,2
171,1,1
487,2,2
951,1,5
356,1,2
516,1,3
296,1,2
411,1,2
111,1,1
1102,2,6
116,1,1
162,2,1
928,3,5
1134,4,6
41,1,1
853,3,4
1166,1,7
783,3,4
841,1,4
183,3,1
431,1,2
26,1,1
701,1,3
627,2,3
151,1,1
672,2,3
842,2,4
869,4,4
1191,1,8
367,2,2
77,2,1
463,3,2
526,1,3
1196,1,8
61,1,1
937,2,5
411,1,2
301,1,2
1143,3,7
446,1,2
522,2,3
26,1,1
1227,2,9
771,1,4
1216,1,9
357,2,2
361,1,2
1231,1,10
101,1,1
461,1,2
422,2,2
556,1,3
1202,2,8
1226,1,9
921,1,5
617,2,3
991,1,5
276,1,2
1006,1,5
373,3,2
46,1,1
1191,1,8
808,3,4
261,1,2
863,3,4
286,1,2
806,1,4
1086,1,6
1148,3,7
538,3,3
746,1,4
191,1,1
422,2,2
76,1,1
457,2,2
606,1,3
271,1,2
382,2,2
1187,2,8
17,2,1
66,1,1
246,1,1
1199,4,8
36,1,1
942,2,5
1157,2,7
557,2,3
1202,2,8
1241,1,10
1166,1,7
286,1,2
372,2,2
361,1,2
336,1,2
1181,1,7
242,2,1
1172,2,7
1026,1,5
296,1,2
1062,2,6
554,4,3
463,3,2
1156,1,7
41,1,1
366,1,2
951,1,5
376,1,2
772,2,4
16,1,1
31,1,1
577,2,3
191,1,1
692,2,3
701,1,3
61,1,1
882,2,4
551,1,3
341,1,2
1164,4,7
1081,1,6
1187,2,8
112,2,1
36,1,1
1196,1,8
491,1,2
572,2,3
646,1,3
279,4,2
521,1,3
223,3,1
161,1,1
887,2,4
297,2,2
332,2,2
53,3,1
1002,2,5
171,1,1
443,3,2
653,3,3
671,1,3
671,1,3
248,3,1
294,4,2
456,1,2
986,1,5
72,2,1
1171,1,7
297,2,2
296,1,2
388,3,2
896,1,4
879,4,4
187,2,1
1081,1,6
1001,1,5
886,1,4
701,1,3
691,1,3
791,1,4
367,2,2
1076,1,6
166,1,1
671,1,3
136,1,1
1146,1,7
767,2,4
517,2,3
1086,1,6
127,2,1
1122,2,6
291,1,2
1111,1,6
976,1,5
407,2,2
396,1,2
521,1,3
717,2,3
1011,1,5
1159,4,7
266,1,2
26,1,1
292,2,2
931,1,5
756,1,4
442,2,2
577,2,3
46,1,1
106,1,1
901,1,4
2,2,1
1059,4,5
1231,1,10
741,1,4
411,1,2
658,3,3
2,2,1
561,1,3
1117,2,6
581,1,3
386,1,2
926,1,5
641,1,3
1081,1,6
1136,1,6
701,1,3
536,1,3
1132,2,6
247,2,1
1216,1,9
436,1,2
1191,1,8
484,4,2
1211,1,9
1136,1,6
1091,1,6
552,2,3
991,1,5
461,1,2
286,1,2
221,1,1
891,1,4
886,1,4
761,1,4
941,1,5
941,1,5
1186,1,8
587,2,3
996,1,5
281,1,2
687,2,3
1107,2,6
301,1,2
736,1,4
946,1,5
927,2,5
306,1,2
1036,1,5
748,3,4
51,1,1
306,1,2
341,1,2
1098,3,6
196,1,1
971,1,5
857,2,4
1186,1,8
557,2,3
721,1,3
1011,1,5
1026,1,5
437,2,2
303,3,2
1132,2,6
1091,1,6
607,2,3
1136,1,6
1122,2,6
251,1,2
442,2,2
1212,2,9
546,1,3
1213,3,9
371,1,2
1052,2,5
876,1,4
1192,2,8
1071,1,6
901,1,4
671,1,3
342,2,2
411,1,2
117,2,1
741,1,4
1191,1,8
946,1,5
566,1,3
237,2,1
141,1,1
682,2,3
207,2,1
276,1,2
496,1,3
1107,2,6
1052,2,5
1061,1,6
643,3,3
856,1,4
996,1,5
1071,1,6
812,2,4
711,1,3
502,2,3
471,1,2
706,1,3
922,2,5
616,1,3
847,2,4
87,2,1
1091,1,6
514,4,3
251,1,2
716,1,3
546,1,3
842,2,4
331,1,2
1231,1,10
367,2,2
677,2,3
406,1,2
937,2,5
796,1,4
256,1,2
171,1,1
187,2,1
1126,1,6
716,1,3
1181,1,7
847,2,4
841,1,4
252,2,2
1016,1,5
631,1,3
752,2,4
1107,2,6
641,1,3
806,1,4
881,1,4
76,1,1
1163,3,7
616,1,3
717,2,3
493,3,2
18,3,1
792,2,4
928,3,5
531,1,3
756,1,4
1222,2,9
164,4,1
1162,2,7
541,1,3
1012,2,5
839,4,4
3,3,1
116,1,1
656,1,3
153,3,1
571,1,3
452,2,2
532,2,3
1081,1,6
166,1,1
76,1,1
826,1,4
663,3,3
822,2,4
746,1,4
1142,2,7
752,2,4
26,1,1
366,1,2
711,1,3
657,2,3
731,1,4
746,1,4
64,4,1
264,4,2
361,1,2
231,1,1
1071,1,6
446,1,2
362,2,2
1082,2,6
583,3,3
473,3,2
147,2,1
166,1,1
541,1,3
586,1,3
881,1,4
201,1,1
416,1,2
411,1,2
562,2,3
126,1,1
201,1,1
908,3,4
336,1,2
747,2,4
472,2,2
601,1,3
1121,1,6
431,1,2
976,1,5
671,1,3
1091,1,6
716,1,3
1191,1,8
928,3,5
696,1,3
981,1,5
886,1,4
511,1,3
521,1,3
763,3,4
1021,1,5
796,1,4
91,1,1
986,1,5
181,1,1
644,4,3
833,3,4
371,1,2
716,1,3
801,1,4
681,1,3
1186,1,8
741,1,4
931,1,5
1081,1,6
661,1,3
1124,4,6
1216,1,9
71,1,1
136,1,1
791,1,4
841,1,4
1192,2,8
853,3,4
1104,4,6
721,1,3
196,1,1
1191,1,8
261,1,2
822,2,4
1012,2,5
226,1,1
261,1,2
191,1,1
1081,1,6
1092,2,6
1191,1,8
67,2,1
336,1,2
58,3,1
83,3,1
706,1,3
896,1,4
61,1,1
676,1,3
1027,2,5
886,1,4
426,1,2
1106,1,6
252,2,2
996,1,5
157,2,1
882,2,4
427,2,2
716,1,3
702,2,3
21,1,1
556,1,3
1041,1,5
161,1,1
836,1,4
236,1,1
1211,1,9
328,3,2
1184,4,7
1006,1,5
696,1,3
1036,1,5
301,1,2
153,3,1
458,3,2
921,1,5
1061,1,6
826,1,4
487,2,2
222,2,1
1023,3,5
1087,2,6
646,1,3
206,1,1
741,1,4
951,1,5
1,1,1
936,1,5
641,1,3
581,1,3
42,2,1
202,2,1
277,2,2
101,1,1
1226,1,9
756,1,4
677,2,3
1114,4,6
376,1,2
71,1,1
1161,1,7
102,2,1
284,4,2
1147,2,7
526,1,3
476,1,2
62,2,1
336,1,2
552,2,3
331,1,2
352,2,2
266,1,2
571,1,3
636,1,3
626,1,3
276,1,2
1057,2,5
1147,2,7
37,2,1
236,1,1
778,3,4
436,1,2
296,1,2
781,1,4
971,1,5
58,3,1
766,1,4
1118,3,6
1248,3,10
966,1,5
91,1,1
652,2,3
821,1,4
186,1,1
716,1,3
86,1,1
986,1,5
1106,1,6
1196,1,8
652,2,3
1121,1,6
907,2,4
1076,1,6
1069,4,6
1166,1,7
1151,1,7
351,1,2
488,3,2
396,1,2
1011,1,5
266,1,2
681,1,3
666,1,3
582,2,3
886,1,4
596,1,3
842,2,4
166,1,1
1148,3,7
986,1,5
781,1,4
42,2,1
407,2,2
1076,1,6
303,3,2
818,3,4
517,2,3
1018,3,5
34,4,1
1201,1,8
296,1,2
727,2,4
1102,2,6
352,2,2
983,3,5
6,1,1
1171,1,7
277,2,2
912,2,4
511,1,3
967,2,5
1003,3,5
826,1,4
938,3,5
657,2,3
421,1,2
884,4,4
1118,3,6
651,1,3
611,1,3
196,1,1
816,1,4
1046,1,5
906,1,4
416,1,2
42,2,1
1187,2,8
1011,1,5
1106,1,6
351,1,2
1051,1,5
1166,1,7
776,1,4
1166,1,7
991,1,5
1114,4,6
821,1,4
476,1,2
1046,1,5
147,2,1
1191,1,8
441,1,2
602,2,3
921,1,5
757,2,4
821,1,4
201,1,1
1086,1,6
61,1,1
1221,1,9
56,1,1
1026,1,5
617,2,3
746,1,4
251,1,2
946,1,5
101,1,1
621,1,3
473,3,2
96,1,1
961,1,5
1062,2,6
951,1,5
461,1,2
952,2,5
687,2,3
67,2,1
643,3,3
1001,1,5
796,1,4
676,1,3
1196,1,8
633,3,3
471,1,2
1021,1,5
234,4,1
716,1,3
387,2,2
1199,4,8
611,1,3
1051,1,5
424,4,2
623,3,3
66,1,1
887,2,4
502,2,3
616,1,3
386,1,2
682,2,3
606,1,3
1062,2,6
1066,1,6
991,1,5
76,1,1
1191,1,8
91,1,1
811,1,4
366,1,2
367,2,2
471,1,2
1121,1,6
186,1,1
331,1,2
292,2,2
906,1,4
127,2,1
786,1,4
556,1,3
606,1,3
1017,2,5
954,4,5
421,1,2
71,1,1
767,2,4
762,2,4
856,1,4
12,2,1
1201,1,8
1072,2,6
1076,1,6
132,2,1
826,1,4
258,3,2
643,3,3
1046,1,5
966,1,5
1212,2,9
1166,1,7
407,2,2
987,2,5
37,2,1
659,4,3
376,1,2
717,2,3
1089,4,6
801,1,4
236,1,1
1082,2,6
356,1,2
181,1,1
737,2,4
486,1,2
282,2,2
62,2,1
907,2,4
292,2,2
56,1,1
237,2,1
316,1,2
582,2,3
801,1,4
43,3,1
466,1,2
901,1,4
516,1,3
1097,2,6
1206,1,8
1168,3,7
276,1,2
121,1,1
983,3,5
136,1,1
877,2,4
176,1,1
821,1,4
186,1,1
916,1,4
161,1,1
1116,1,6
146,1,1
447,2,2
726,1,4
977,2,5
1027,2,5
987,2,5
741,1,4
491,1,2
311,1,2
653,3,3
211,1,1
456,1,2
26,1,1
837,2,4
167,2,1
752,2,4
716,1,3
981,1,5
746,1,4
631,1,3
1126,1,6
1086,1,6
311,1,2
517,2,3
961,1,5
303,3,2
1036,1,5
741,1,4
1216,1,9
551,1,3
811,1,4
951,1,5
208,3,1
181,1,1
837,2,4
176,1,1
936,1,5
1081,1,6
371,1,2
562,2,3
281,1,2
176,1,1
1193,3,8
1061,1,6
751,1,4
897,2,4
143,3,1
546,1,3
1193,3,8
461,1,2
226,1,1
342,2,2
56,1,1
611,1,3
1147,2,7
1217,2,9
222,2,1
1001,1,5
798,3,4
406,1,2
1161,1,7
1178,3,7
873,3,4
577,2,3
354,4,2
341,1,2
1197,2,8
771,1,4
121,1,1
664,4,3
171,1,1
21,1,1
387,2,2
161,1,1
226,1,1
76,1,1
627,2,3
1021,1,5
936,1,5
1152,2,7
791,1,4
711,1,3
566,1,3
796,1,4
487,2,2
817,2,4
1226,1,9
1056,1,5
407,2,2
1156,1,7
986,1,5
241,1,1
227,2,1
962,2,5
981,1,5
204,4,1
856,1,4
1156,1,7
483,3,2
431,1,2
491,1,2
557,2,3
676,1,3
1247,2,10
776,1,4
746,1,4
1166,1,7
446,1,2
1226,1,9
176,1,1
466,1,2
86,1,1
1131,1,6
192,2,1
1127,2,6
489,4,2
146,1,1
1146,1,7
788,3,4
441,1,2
638,3,3
1237,2,10
241,1,1
427,2,2
836,1,4
522,2,3
537,2,3
116,1,1
272,2,2
813,3,4
1112,2,6
667,2,3
802,2,4
956,1,5
749,4,4
286,1,2
297,2,2
1141,1,7
651,1,3
456,1,2
126,1,1
977,2,5
706,1,3
1161,1,7
886,1,4
436,1,2
6,1,1
533,3,3
96,1,1
166,1,1
777,2,4
651,1,3
1186,1,8
501,1,3
716,1,3
261,1,2
151,1,1
692,2,3
481,1,2
406,1,2
51,1,1
772,2,4
1046,1,5
636,1,3
41,1,1
567,2,3
142,2,1
41,1,1
72,2,1
526,1,3
306,1,2
307,2,2
302,2,2
447,2,2
886,1,4
308,3,2
711,1,3
1096,1,6
211,1,1
691,1,3
966,1,5
936,1,5
756,1,4
487,2,2
276,1,2
581,1,3
1196,1,8
546,1,3
511,1,3
67,2,1
376,1,2
351,1,2
644,4,3
742,2,4
191,1,1
1006,1,5
301,1,2
396,1,2
612,2,3
1041,1,5
47,2,1
1086,1,6
347,2,2
1186,1,8
1036,1,5
292,2,2
518,3,3
652,2,3
481,1,2
1021,1,5
1036,1,5
421,1,2
757,2,4
962,2,5
666,1,3
753,3,4
1111,1,6
886,1,4
1212,2,9
36,1,1
732,2,4
37,2,1
691,1,3
663,3,3
1046,1,5
1237,2,10
981,1,5
991,1,5
1081,1,6
902,2,4
966,1,5
1137,2,6
577,2,3
386,1,2
386,1,2
141,1,1
621,1,3
1088,3,6
856,1,4
1096,1,6
823,3,4
441,1,2
566,1,3
731,1,4
1008,3,5
421,1,2
874,4,4
1057,2,5
402,2,2
524,4,3
702,2,3
711,1,3
217,2,1
762,2,4
323,3,2
973,3,5
206,1,1
999,4,5
1061,1,6
702,2,3
722,2,3
711,1,3
1236,1,10
37,2,1
1061,1,6
918,3,4
89,4,1
368,3,2
418,3,2
131,1,1
106,1,1
302,2,2
296,1,2
66,1,1
641,1,3
1223,3,9
1047,2,5
52,2,1
301,1,2
343,3,2
383,3,2
6,1,1
811,1,4
46,1,1
28,3,1
108,3,1
416,1,2
702,2,3
881,1,4
801,1,4
1126,1,6
126,1,1
306,1,2
841,1,4
437,2,2
666,1,3
551,1,3
43,3,1
1176,1,7
346,1,2
72,2,1
56,1,1
686,1,3
676,1,3
553,3,3
691,1,3
1166,1,7
471,1,2
1131,1,6
186,1,1
1116,1,6
766,1,4
396,1,2
251,1,2
711,1,3
123,3,1
101,1,1
701,1,3
522,2,3
321,1,2
1202,2,8
416,1,2
821,1,4
806,1,4
732,2,4
496,1,3
143,3,1
231,1,1
1194,4,8
861,1,4
946,1,5
946,1,5
198,3,1
71,1,1
666,1,3
1141,1,7
1112,2,6
1067,2,6
391,1,2
946,1,5
302,2,2
1231,1,10
981,1,5
581,1,3
792,2,4
652,2,3
1027,2,5
1191,1,8
671,1,3
1126,1,6
1176,1,7
472,2,2
291,1,2
933,3,5
61,1,1
183,3,1
531,1,3
1051,1,5
526,1,3
102,2,1
14,4,1
832,2,4
201,1,1
507,2,3
1181,1,7
252,2,2
1146,1,7
16,1,1
1156,1,7
1196,1,8
27,2,1
1116,1,6
844,4,4
166,1,1
1032,2,5
152,2,1
28,3,1
562,2,3
441,1,2
882,2,4
291,1,2
326,1,2
682,2,3
46,1,1
772,2,4
606,1,3
1222,2,9
351,1,2
414,4,2
41,1,1
914,4,4
1012,2,5
1236,1,10
377,2,2
956,1,5
141,1,1
247,2,1
491,1,2
781,1,4
533,3,3
361,1,2
118,3,1
81,1,1
1056,1,5
346,1,2
271,1,2
711,1,3
81,1,1
807,2,4
596,1,3
206,1,1
1056,1,5
686,1,3
543,3,3
564,4,3
551,1,3
923,3,5
442,2,2
336,1,2
1157,2,7
661,1,3
91,1,1
906,1,4
696,1,3
541,1,3
1162,2,7
942,2,5
1171,1,7
1008,3,5
841,1,4
1186,1,8
886,1,4
688,3,3
466,1,2
691,1,3
1191,1,8
646,1,3
61,1,1
228,3,1
426,1,2
436,1,2
431,1,2
1132,2,6
1092,2,6
461,1,2
189,4,1
1206,1,8
1186,1,8
41,1,1
1076,1,6
1241,1,10
958,3,5
966,1,5
1241,1,10
463,3,2
792,2,4
782,2,4
871,1,4
531,1,3
952,2,5
901,1,4
247,2,1
1124,4,6
1006,1,5
934,4,5
592,2,3
602,2,3
651,1,3
286,1,2
1248,3,10
828,3,4
1202,2,8
782,2,4
1171,1,7
1101,1,6
286,1,2
996,1,5
92,2,1
1237,2,10
984,4,5
686,1,3
1182,2,7
997,2,5
613,3,3
342,2,2
603,3,3
1127,2,6
846,1,4
453,3,2
452,2,2
167,2,1
736,1,4
897,2,4
652,2,3
986,1,5
791,1,4
1096,1,6
172,2,1
266,1,2
1016,1,5
1086,1,6
157,2,1
407,2,2
416,1,2
881,1,4
92,2,1
1011,1,5
676,1,3
401,1,2
291,1,2
882,2,4
1126,1,6
749,4,4
1163,3,7
691,1,3
1067,2,6
982,2,5
567,2,3
1221,1,9
636,1,3
472,2,2
1106,1,6
806,1,4
72,2,1
1122,2,6
1152,2,7
161,1,1
71,1,1
248,3,1
1026,1,5
936,1,5
926,1,5
396,1,2
596,1,3
826,1,4
621,1,3
682,2,3
389,4,2
151,1,1
402,2,2
996,1,5
183,3,1
396,1,2
121,1,1
496,1,3
46,1,1
121,1,1
851,1,4
1172,2,7
322,2,2
296,1,2
542,2,3
167,2,1
926,1,5
526,1,3
591,1,3
991,1,5
651,1,3
541,1,3
827,2,4
176,1,1
77,2,1
561,1,3
821,1,4
786,1,4
296,1,2
476,1,2
421,1,2
876,1,4
667,2,3
508,3,3
827,2,4
1231,1,10
66,1,1
411,1,2
1137,2,6
106,1,1
881,1,4
1036,1,5
1,1,1
96,1,1
76,1,1
251,1,2
86,1,1
232,2,1
821,1,4
377,2,2
406,1,2
1192,2,8
381,1,2
111,1,1
552,2,3
491,1,2
1097,2,6
483,3,2
996,1,5
387,2,2
466,1,2
1116,1,6
416,1,2
726,1,4
26,1,1
926,1,5
496,1,3
592,2,3
413,3,2
386,1,2
362,2,2
381,1,2
96,1,1
914,4,4
726,1,4
741,1,4
201,1,1
26,1,1
816,1,4
1221,1,9
686,1,3
756,1,4
347,2,2
851,1,4
1062,2,6
407,2,2
1196,1,8
996,1,5
286,1,2
1207,2,8
171,1,1
1176,1,7
1021,1,5
931,1,5
541,1,3
1156,1,7
1166,1,7
866,1,4
716,1,3
796,1,4
1208,3,8
267,2,2
436,1,2
1161,1,7
186,1,1
1136,1,6
1166,1,7
47,2,1
661,1,3
707,2,3
631,1,3
142,2,1
1216,1,9
613,3,3
49,4,1
741,1,4
423,3,2
134,4,1
527,2,3
832,2,4
881,1,4
954,4,5
1152,2,7
411,1,2
462,2,2
956,1,5
746,1,4
137,2,1
492,2,2
941,1,5
1171,1,7
1042,2,5
546,1,3
861,1,4
566,1,3
1206,1,8
526,1,3
237,2,1
41,1,1
1246,1,10
336,1,2
1186,1,8
37,2,1
481,1,2
126,1,1
993,3,5
632,2,3
181,1,1
1061,1,6
903,3,4
801,1,4
469,4,2
603,3,3
471,1,2
1096,1,6
891,1,4
1091,1,6
701,1,3
728,3,4
794,4,4
841,1,4
867,2,4
1206,1,8
576,1,3
596,1,3
207,2,1
557,2,3
86,1,1
286,1,2
762,2,4
1124,4,6
358,3,2
131,1,1
21,1,1
991,1,5
621,1,3
391,1,2
42,2,1
101,1,1
1121,1,6
772,2,4
187,2,1
1071,1,6
163,3,1
511,1,3
327,2,2
546,1,3
216,1,1
102,2,1
1247,2,10
1071,1,6
27,2,1
731,1,4
892,2,4
631,1,3
1186,1,8
161,1,1
312,2,2
26,1,1
1247,2,10
7,2,1
596,1,3
746,1,4
578,3,3
811,1,4
1172,2,7
191,1,1
291,1,2
237,2,1
166,1,1
481,1,2
1127,2,6
1033,3,5
766,1,4
697,2,3
907,2,4
161,1,1
791,1,4
282,2,2
1211,1,9
1,1,1
671,1,3
691,1,3
946,1,5
601,1,3
56,1,1
39,4,1
296,1,2
738,3,4
1161,1,7
256,1,2
431,1,2
656,1,3
371,1,2
121,1,1
601,1,3
592,2,3
496,1,3
816,1,4
921,1,5
912,2,4
47,2,1
1227,2,9
1032,2,5
311,1,2
152,2,1
24,4,1
461,1,2
242,2,1
271,1,2
737,2,4
76,1,1
1166,1,7
181,1,1
94,4,1
796,1,4
916,1,4
631,1,3
21,1,1
1031,1,5
157,2,1
847,2,4
366,1,2
1031,1,5
406,1,2
1096,1,6
871,1,4
511,1,3
1171,1,7
1236,1,10
111,1,1
561,1,3
31,1,1
1076,1,6
856,1,4
126,1,1
1021,1,5
1221,1,9
881,1,4
357,2,2
561,1,3
911,1,4
1127,2,6
171,1,1
386,1,2
666,1,3
411,1,2
996,1,5
723,3,3
406,1,2
751,1,4
1112,2,6
376,1,2
386,1,2
1192,2,8
1092,2,6
526,1,3
587,2,3
1241,1,10
532,2,3
747,2,4
86,1,1
701,1,3
401,1,2
296,1,2
1247,2,10
643,3,3
286,1,2
362,2,2
292,2,2
1031,1,5
667,2,3
772,2,4
331,1,2
121,1,1
338,3,2
686,1,3
31,1,1
927,2,5
1106,1,6
556,1,3
837,2,4
952,2,5
1022,2,5
194,4,1
436,1,2
786,1,4
219,4,1
581,1,3
276,1,2
142,2,1
501,1,3
826,1,4
1081,1,6
576,1,3
906,1,4
732,2,4
546,1,3
1076,1,6
767,2,4
1236,1,10
172,2,1
201,1,1
413,3,2
117,2,1
676,1,3
626,1,3
286,1,2
281,1,2
431,1,2
888,3,4
1158,3,7
437,2,2
666,1,3
1,1,1
368,3,2
1107,2,6
459,4,2
1248,3,10
311,1,2
337,2,2
1226,1,9
831,1,4
1151,1,7
1238,3,10
247,2,1
367,2,2
766,1,4
1061,1,6
266,1,2
1242,2,10
1128,3,6
42,2,1
757,2,4
1167,2,7
76,1,1
998,3,5
401,1,2
913,3,4
1151,1,7
271,1,2
427,2,2
329,4,2
772,2,4
581,1,3
767,2,4
1231,1,10
1128,3,6
461,1,2
706,1,3
1211,1,9
112,2,1
911,1,4
926,1,5
901,1,4
836,1,4
1,1,1
651,1,3
311,1,2
741,1,4
351,1,2
1111,1,6
411,1,2
1152,2,7
56,1,1
756,1,4
546,1,3
1051,1,5
1001,1,5
317,2,2
1131,1,6
841,1,4
1016,1,5
797,2,4
361,1,2
973,3,5
361,1,2
87,2,1
456,1,2
1216,1,9
1201,1,8
716,1,3
301,1,2
106,1,1
201,1,1
1201,1,8
1226,1,9
581,1,3
406,1,2
36,1,1
376,1,2
1046,1,5
806,1,4
86,1,1
207,2,1
1013,3,5
456,1,2
938,3,5
927,2,5
602,2,3
196,1,1
1216,1,9
566,1,3
236,1,1
426,1,2
188,3,1
681,1,3
541,1,3
761,1,4
861,1,4
86,1,1
17,2,1
831,1,4
196,1,1
291,1,2
231,1,1
482,2,2
342,2,2
508,3,3
1057,2,5
1207,2,8
216,1,1
212,2,1
761,1,4
891,1,4
176,1,1
241,1,1
906,1,4
286,1,2
1181,1,7
1006,1,5
446,1,2
232,2,1
801,1,4
921,1,5
181,1,1
986,1,5
151,1,1
483,3,2
1051,1,5
1196,1,8
52,2,1
1206,1,8
392,2,2
1016,1,5
871,1,4
127,2,1
456,1,2
209,4,1
317,2,2
986,1,5
471,1,2
463,3,2
286,1,2
346,1,2
451,1,2
86,1,1
1141,1,7
311,1,2
1166,1,7
1196,1,8
487,2,2
876,1,4
11,1,1
986,1,5
726,1,4
576,1,3
675,5,3
596,1,3
501,1,3
436,1,2
132,2,1
1143,3,7
752,2,4
331,1,2
626,1,3
702,2,3
671,1,3
392,2,2
272,2,2
1206,1,8
562,2,3
216,1,1
156,1,1
481,1,2
931,1,5
996,1,5
331,1,2
1246,1,10
422,2,2
841,1,4
561,1,3
786,1,4
752,2,4
561,1,3
1152,2,7
1136,1,6
451,1,2
241,1,1
967,2,5
701,1,3
1042,2,5
561,1,3
167,2,1
966,1,5
676,1,3
911,1,4
311,1,2
511,1,3
611,1,3
336,1,2
262,2,2
106,1,1
1226,1,9
257,2,2
1193,3,8
591,1,3
636,1,3
221,1,1
967,2,5
821,1,4
93,3,1
846,1,4
473,3,2
341,1,2
443,3,2
956,1,5
1161,1,7
972,2,5
636,1,3
174,4,1
336,1,2
616,1,3
292,2,2
686,1,3
1131,1,6
821,1,4
1111,1,6
39,4,1
499,4,3
846,1,4
344,4,2
141,1,1
1031,1,5
936,1,5
157,2,1
1051,1,5
31,1,1
726,1,4
472,2,2
547,2,3
527,2,3
1141,1,7
951,1,5
1062,2,6
816,1,4
336,1,2
576,1,3
791,1,4
161,1,1
953,3,5
756,1,4
357,2,2
1032,2,5
626,1,3
1031,1,5
742,2,4
201,1,1
666,1,3
1,1,1
606,1,3
542,2,3
671,1,3
932,2,5
781,1,4
336,1,2
1053,3,5
976,1,5
414,4,2
1176,1,7
606,1,3
216,1,1
351,1,2
1206,1,8
391,1,2
1076,1,6
996,1,5
172,2,1
506,1,3
321,1,2
401,1,2
767,2,4
136,1,1
267,2,2
192,2,1
166,1,1
976,1,5
181,1,1
1111,1,6
396,1,2
706,1,3
726,1,4
231,1,1
212,2,1
426,1,2
292,2,2
1126,1,6
171,1,1
381,1,2
607,2,3
1087,2,6
691,1,3
427,2,2
1191,1,8
236,1,1
876,1,4
1092,2,6
696,1,3
541,1,3
1188,3,8
61,1,1
326,1,2
639,4,3
311,1,2
91,1,1
684,4,3
77,2,1
1076,1,6
898,3,4
1076,1,6
1091,1,6
482,2,2
876,1,4
361,1,2
422,2,2
1,1,1
646,1,3
841,1,4
896,1,4
1157,2,7
616,1,3
676,1,3
133,3,1
1211,1,9
697,2,3
864,4,4
956,1,5
16,1,1
668,3,3
31,1,1
417,2,2
277,2,2
66,1,1
1156,1,7
76,1,1
361,1,2
767,2,4
456,1,2
301,1,2
161,1,1
1111,1,6
601,1,3
1187,2,8
646,1,3
444,4,2
1211,1,9
921,1,5
111,1,1
1046,1,5
117,2,1
741,1,4
211,1,1
1166,1,7
87,2,1
17,2,1
848,3,4
127,2,1
759,4,4
883,3,4
297,2,2
121,1,1
3,3,1
1072,2,6
1078,3,6
831,1,4
801,1,4
604,4,3
556,1,3
521,1,3
347,2,2
1061,1,6
1121,1,6
1201,1,8
6,1,1
757,2,4
1241,1,10
312,2,2
97,2,1
538,3,3
166,1,1
1126,1,6
31,1,1
266,1,2
591,1,3
1126,1,6
1102,2,6
386,1,2
423,3,2
376,1,2
286,1,2
802,2,4
71,1,1
1202,2,8
1057,2,5
486,1,2
663,3,3
423,3,2
1059,4,5
1031,1,5
1026,1,5
452,2,2
442,2,2
641,1,3
956,1,5
926,1,5
341,1,2
272,2,2
406,1,2
611,1,3
252,2,2
381,1,2
112,2,1
121,1,1
596,1,3
111,1,1
536,1,3
266,1,2
886,1,4
1031,1,5
677,2,3
226,1,1
816,1,4
436,1,2
916,1,4
281,1,2
936,1,5
317,2,2
216,1,1
161,1,1
1176,1,7
1231,1,10
1176,1,7
191,1,1
971,1,5
1021,1,5
477,2,2
512,2,3
426,1,2
181,1,1
651,1,3
432,2,2
606,1,3
1156,1,7
271,1,2
1176,1,7
527,2,3
306,1,2
256,1,2
1187,2,8
736,1,4
986,1,5
761,1,4
427,2,2
952,2,5
1116,1,6
1006,1,5
922,2,5
177,2,1
351,1,2
111,1,1
287,2,2
962,2,5
1221,1,9
1226,1,9
116,1,1
518,3,3
786,1,4
1186,1,8
606,1,3
438,3,2
1196,1,8
237,2,1
467,2,2
76,1,1
51,1,1
593,3,3
432,2,2
231,1,1
1222,2,9
816,1,4
56,1,1
1064,4,6
1177,2,7
1016,1,5
1181,1,7
981,1,5
987,2,5
161,1,1
326,1,2
461,1,2
1056,1,5
1106,1,6
741,1,4
962,2,5
406,1,2
1246,1,10
1237,2,10
568,3,3
391,1,2
811,1,4
931,1,5
1076,1,6
597,2,3
757,2,4
162,2,1
806,1,4
811,1,4
1236,1,10
1222,2,9
271,1,2
471,1,2
941,1,5
917,2,4
696,1,3
1083,3,6
1046,1,5
331,1,2
1147,2,7
832,2,4
736,1,4
409,4,2
342,2,2
11,1,1
531,1,3
1022,2,5
371,1,2
821,1,4
996,1,5
1012,2,5
441,1,2
1077,2,6
1131,1,6
347,2,2
557,2,3
101,1,1
991,1,5
746,1,4
1076,1,6
291,1,2
127,2,1
462,2,2
291,1,2
386,1,2
617,2,3
396,1,2
681,1,3
1182,2,7
551,1,3
1166,1,7
156,1,1
256,1,2
421,1,2
1216,1,9
1091,1,6
787,2,4
647,2,3
1133,3,6
931,1,5
1006,1,5
28,3,1
532,2,3
1091,1,6
931,1,5
407,2,2
1171,1,7
717,2,3
1232,2,10
1211,1,9
1231,1,10
752,2,4
1201,1,8
431,1,2
368,3,2
211,1,1
97,2,1
1131,1,6
422,2,2
566,1,3
24,4,1
186,1,1
478,3,2
956,1,5
221,1,1
926,1,5
801,1,4
561,1,3
1117,2,6
406,1,2
446,1,2
941,1,5
241,1,1
821,1,4
957,2,5
1173,3,7
741,1,4
971,1,5
99,4,1
1101,1,6
226,1,1
476,1,2
956,1,5
1181,1,7
846,1,4
566,1,3
1237,2,10
316,1,2
491,1,2
1156,1,7
1211,1,9
941,1,5
146,1,1
1002,2,5
426,1,2
221,1,1
706,1,3
226,1,1
191,1,1
76,1,1
293,3,2
432,2,2
1201,1,8
146,1,1
1188,3,8
242,2,1
1248,3,10
97,2,1
1046,1,5
606,1,3
678,3,3
54,4,1
396,1,2
481,1,2
866,1,4
383,3,2
11,1,1
57,2,1
891,1,4
949,4,5
26,1,1
1221,1,9
576,1,3
1236,1,10
606,1,3
477,2,2
481,1,2
1007,2,5
361,1,2
157,2,1
529,4,3
414,4,2
1183,3,7
1046,1,5
101,1,1
46,1,1
1211,1,9
1016,1,5
1106,1,6
676,1,3
516,1,3
916,1,4
1083,3,6
1016,1,5
646,1,3
626,1,3
106,1,1
994,4,5
1142,2,7
97,2,1
977,2,5
241,1,1
961,1,5
356,1,2
926,1,5
1,1,1
887,2,4
636,1,3
726,1,4
82,2,1
473,3,2
1182,2,7
961,1,5
806,1,4
1061,1,6
346,1,2
626,1,3
1221,1,9
646,1,3
1087,2,6
495,5,2
8,3,1
261,1,2
736,1,4
328,3,2
981,1,5
581,1,3
591,1,3
511,1,3
262,2,2
656,1,3
557,2,3
346,1,2
901,1,4
1002,2,5
176,1,1
277,2,2
51,1,1
421,1,2
971,1,5
482,2,2
646,1,3
511,1,3
147,2,1
1007,2,5
796,1,4
1059,4,5
1067,2,6
701,1,3
757,2,4
1136,1,6
136,1,1
237,2,1
541,1,3
683,3,3
946,1,5
976,1,5
421,1,2
201,1,1
182,2,1
72,2,1
461,1,2
906,1,4
1063,3,6
182,2,1
157,2,1
471,1,2
1103,3,6
722,2,3
1221,1,9
1186,1,8
482,2,2
1026,1,5
86,1,1
1006,1,5
848,3,4
1001,1,5
871,1,4
557,2,3
536,1,3
681,1,3
816,1,4
278,3,2
81,1,1
234,4,1
16,1,1
1037,2,5
646,1,3
1221,1,9
871,1,4
816,1,4
216,1,1
12,2,1
226,1,1
996,1,5
1081,1,6
1246,1,10
606,1,3
796,1,4
956,1,5
1121,1,6
956,1,5
871,1,4
241,1,1
1131,1,6
326,1,2
1147,2,7
641,1,3
472,2,2
11,1,1
821,1,4
372,2,2
216,1,1
186,1,1
826,1,4
644,4,3
616,1,3
961,1,5
406,1,2
458,3,2
401,1,2
237,2,1
246,1,1
1026,1,5
9,4,1
396,1,2
1024,4,5
976,1,5
737,2,4
303,3,2
1244,4,10
141,1,1
351,1,2
996,1,5
126,1,1
1106,1,6
1187,2,8
391,1,2
271,1,2
1,1,1
166,1,1
1084,4,6
171,1,1
142,2,1
547,2,3
716,1,3
537,2,3
168,3,1
241,1,1
637,2,3
671,1,3
46,1,1
1011,1,5
1131,1,6
646,1,3
264,4,2
559,4,3
288,3,2
874,4,4
577,2,3
436,1,2
16,1,1
311,1,2
1041,1,5
1117,2,6
581,1,3
121,1,1
77,2,1
982,2,5
1061,1,6
896,1,4
701,1,3
906,1,4
62,2,1
42,2,1
1182,2,7
671,1,3
816,1,4
482,2,2
238,3,1
799,4,4
476,1,2
41,1,1
1006,1,5
747,2,4
161,1,1
1241,1,10
1051,1,5
1206,1,8
117,2,1
766,1,4
3,3,1
359,4,2
392,2,2
1216,1,9
1051,1,5
656,1,3
831,1,4
811,1,4
976,1,5
186,1,1
876,1,4
1181,1,7
892,2,4
86,1,1
721,1,3
1037,2,5
236,1,1
586,1,3
133,3,1
1087,2,6
781,1,4
616,1,3
1096,1,6
781,1,4
772,2,4
666,1,3
1071,1,6
766,1,4
454,4,2
246,1,1
566,1,3
401,1,2
111,1,1
547,2,3
706,1,3
372,2,2
1127,2,6
506,1,3
491,1,2
292,2,2
728,3,4
684,4,3
6,1,1
466,1,2
171,1,1
781,1,4
622,2,3
421,1,2
871,1,4
582,2,3
176,1,1
292,2,2
971,1,5
1232,2,10
737,2,4
846,1,4
199,4,1
511,1,3
226,1,1
823,3,4
491,1,2
552,2,3
1201,1,8
61,1,1
746,1,4
11,1,1
1061,1,6
116,1,1
1152,2,7
1116,1,6
332,2,2
654,4,3
812,2,4
861,1,4
802,2,4
472,2,2
296,1,2
1061,1,6
1182,2,7
647,2,3
301,1,2
422,2,2
1152,2,7
207,2,1
502,2,3
1081,1,6
336,1,2
682,2,3
691,1,3
1236,1,10
931,1,5
201,1,1
23,3,1
402,2,2
787,2,4
202,2,1
971,1,5
101,1,1
166,1,1
199,4,1
236,1,1
501,1,3
46,1,1
177,2,1
664,4,3
417,2,2
406,1,2
111,1,1
231,1,1
391,1,2
436,1,2
681,1,3
1033,3,5
366,1,2
386,1,2
1212,2,9
1117,2,6
1066,1,6
551,1,3
881,1,4
36,1,1
1172,2,7
122,2,1
51,1,1
321,1,2
156,1,1
391,1,2
12,2,1
322,2,2
177,2,1
691,1,3
802,2,4
407,2,2
208,3,1
1167,2,7
701,1,3
446,1,2
9,4,1
66,1,1
1086,1,6
236,1,1
803,3,4
226,1,1
521,1,3
1176,1,7
1072,2,6
866,1,4
926,1,5
733,3,4
12,2,1
191,1,1
1036,1,5
781,1,4
792,2,4
522,2,3
762,2,4
192,2,1
1141,1,7
633,3,3
161,1,1
301,1,2
417,2,2
1156,1,7
911,1,4
371,1,2
834,4,4
241,1,1
951,1,5
212,2,1
57,2,1
1164,4,7
1211,1,9
321,1,2
1106,1,6
431,1,2
486,1,2
1126,1,6
436,1,2
911,1,4
312,2,2
101,1,1
456,1,2
1046,1,5
1083,3,6
636,1,3
906,1,4
221,1,1
656,1,3
856,1,4
332,2,2
41,1,1
471,1,2
156,1,1
701,1,3
1226,1,9
991,1,5
821,1,4
146,1,1
942,2,5
1046,1,5
826,1,4
241,1,1
1121,1,6
846,1,4
1146,1,7
642,2,3
216,1,1
271,1,2
136,1,1
393,3,2
651,1,3
87,2,1
982,2,5
252,2,2
421,1,2
1221,1,9
451,1,2
257,2,2
748,3,4
1202,2,8
581,1,3
396,1,2
471,1,2
231,1,1
382,2,2
641,1,3
482,2,2
737,2,4
346,1,2
671,1,3
617,2,3
376,1,2
1164,4,7
412,2,2
6,1,1
681,1,3
116,1,1
311,1,2
116,1,1
377,2,2
1232,2,10
477,2,2
982,2,5
264,4,2
392,2,2
81,1,1
894,4,4
1191,1,8
696,1,3
801,1,4
206,1,1
397,2,2
821,1,4
1131,1,6
11,1,1
711,1,3
331,1,2
491,1,2
1126,1,6
362,2,2
1171,1,7
966,1,5
961,1,5
562,2,3
1186,1,8
896,1,4
1137,2,6
904,4,4
76,1,1
281,1,2
831,1,4
841,1,4
256,1,2
121,1,1
626,1,3
947,2,5
162,2,1
161,1,1
1136,1,6
397,2,2
964,4,5
978,3,5
1176,1,7
566,1,3
741,1,4
576,1,3
1122,2,6
476,1,2
758,3,4
1226,1,9
243,3,1
702,2,3
1036,1,5
1011,1,5
807,2,4
576,1,3
12,2,1
986,1,5
417,2,2
1001,1,5
267,2,2
1141,1,7
182,2,1
1203,3,8
1146,1,7
292,2,2
141,1,1
531,1,3
814,4,4
72,2,1
1211,1,9
42,2,1
46,1,1
311,1,2
726,1,4
261,1,2
677,2,3
841,1,4
496,1,3
1076,1,6
846,1,4
196,1,1
721,1,3
1141,1,7
896,1,4
336,1,2
1246,1,10
766,1,4
616,1,3
966,1,5
497,2,3
271,1,2
856,1,4
1046,1,5
436,1,2
676,1,3
331,1,2
406,1,2
1066,1,6
556,1,3
461,1,2
781,1,4
1151,1,7
531,1,3
701,1,3
1121,1,6
1131,1,6
226,1,1
636,1,3
362,2,2
741,1,4
17,2,1
771,1,4
244,4,1
758,3,4
636,1,3
913,3,4
246,1,1
1133,3,6
492,2,2
1,1,1
361,1,2
1051,1,5
627,2,3
836,1,4
1119,4,6
983,3,5
16,1,1
492,2,2
857,2,4
1132,2,6
296,1,2
31,1,1
101,1,1
1026,1,5
1146,1,7
1107,2,6
1001,1,5
591,1,3
571,1,3
293,3,2
891,1,4
671,1,3
797,2,4
186,1,1
987,2,5
671,1,3
536,1,3
333,3,2
576,1,3
831,1,4
892,2,4
501,1,3
891,1,4
446,1,2
471,1,2
144,4,1
896,1,4
126,1,1
196,1,1
16,1,1
41,1,1
1096,1,6
1076,1,6
66,1,1
476,1,2
691,1,3
457,2,2
202,2,1
77,2,1
891,1,4
966,1,5
542,2,3
61,1,1
762,2,4
882,2,4
226,1,1
321,1,2
201,1,1
871,1,4
1181,1,7
1241,1,10
1086,1,6
56,1,1
1206,1,8
57,2,1
166,1,1
419,4,2
281,1,2
1208,3,8
282,2,2
1196,1,8
174,4,1
1123,3,6
984,4,5
266,1,2
1226,1,9
142,2,1
908,3,4
301,1,2
451,1,2
1176,1,7
346,1,2
676,1,3
391,1,2
591,1,3
1236,1,10
56,1,1
1,1,1
342,2,2
796,1,4
376,1,2
1226,1,9
581,1,3
961,1,5
981,1,5
1192,2,8
896,1,4
292,2,2
331,1,2
966,1,5
84,4,1
247,2,1
641,1,3
921,1,5
702,2,3
581,1,3
51,1,1
373,3,2
856,1,4
471,1,2
102,2,1
742,2,4
546,1,3
236,1,1
1106,1,6
556,1,3
656,1,3
167,2,1
891,1,4
1101,1,6
7,2,1
741,1,4
846,1,4
778,3,4
397,2,2
1141,1,7
822,2,4
591,1,3
943,3,5
611,1,3
581,1,3
167,2,1
1071,1,6
972,2,5
347,2,2
751,1,4
766,1,4
208,3,1
479,4,2
536,1,3
906,1,4
1136,1,6
178,3,1
322,2,2
86,1,1
1141,1,7
328,3,2
591,1,3
91,1,1
1227,2,9
1191,1,8
236,1,1
181,1,1
867,2,4
261,1,2
274,4,2
1207,2,8
453,3,2
601,1,3
1171,1,7
921,1,5
521,1,3
1172,2,7
871,1,4
156,1,1
784,4,4
41,1,1
936,1,5
921,1,5
1249,4,10
501,1,3
41,1,1
1049,4,5
1121,1,6
551,1,3
1226,1,9
1096,1,6
246,1,1
1181,1,7
788,3,4
416,1,2
637,2,3
476,1,2
1159,4,7
89,4,1
1218,3,9
952,2,5
772,2,4
676,1,3
513,3,3
303,3,2
809,4,4
661,1,3
696,1,3
502,2,3
6,1,1
877,2,4
996,1,5
1147,2,7
621,1,3
931,1,5
797,2,4
841,1,4
286,1,2
487,2,2
661,1,3
807,2,4
646,1,3
766,1,4
686,1,3
881,1,4
1147,2,7
426,1,2
566,1,3
691,1,3
767,2,4
434,4,2
557,2,3
361,1,2
698,3,3
1112,2,6
1001,1,5
356,1,2
786,1,4
556,1,3
192,2,1
322,2,2
421,1,2
1141,1,7
416,1,2
566,1,3
1094,4,6
392,2,2
577,2,3
1086,1,6
1098,3,6
1216,1,9
701,1,3
221,1,1
991,1,5
841,1,4
228,3,1
976,1,5
811,1,4
476,1,2
401,1,2
667,2,3
976,1,5
1217,2,9
1227,2,9
471,1,2
916,1,4
596,1,3
466,1,2
861,1,4
846,1,4
1181,1,7
686,1,3
626,1,3
676,1,3
216,1,1
417,2,2
486,1,2
131,1,1
1196,1,8
752,2,4
781,1,4
746,1,4
742,2,4
217,2,1
1121,1,6
366,1,2
163,3,1
1031,1,5
839,4,4
231,1,1
176,1,1
721,1,3
932,2,5
716,1,3
731,1,4
1001,1,5
991,1,5
526,1,3
56,1,1
576,1,3
7,2,1
1241,1,10
327,2,2
221,1,1
851,1,4
751,1,4
352,2,2
323,3,2
711,1,3
1026,1,5
1128,3,6
756,1,4
211,1,1
252,2,2
1026,1,5
812,2,4
1061,1,6
86,1,1
76,1,1
232,2,1
316,1,2
326,1,2
677,2,3
352,2,2
397,2,2
484,4,2
612,2,3
901,1,4
866,1,4
1082,2,6
1016,1,5
222,2,1
861,1,4
1076,1,6
66,1,1
856,1,4
622,2,3
1161,1,7
602,2,3
86,1,1
676,1,3
597,2,3
461,1,2
231,1,1
1061,1,6
6,1,1
737,2,4
886,1,4
1071,1,6
401,1,2
116,1,1
977,2,5
816,1,4
877,2,4
957,2,5
421,1,2
752,2,4
356,1,2
1116,1,6
762,2,4
397,2,2
146,1,1
941,1,5
248,3,1
472,2,2
822,2,4
596,1,3
961,1,5
1204,4,8
612,2,3
81,1,1
1086,1,6
71,1,1
236,1,1
938,3,5
1122,2,6
546,1,3
903,3,4
487,2,2
626,1,3
1038,3,5
37,2,1
497,2,3
707,2,3
1246,1,10
206,1,1
167,2,1
176,1,1
707,2,3
1041,1,5
656,1,3
771,1,4
826,1,4
341,1,2
401,1,2
1186,1,8
983,3,5
552,2,3
596,1,3
257,2,2
166,1,1
153,3,1
286,1,2
997,2,5
746,1,4
1174,4,7
622,2,3
22,2,1
994,4,5
571,1,3
801,1,4
321,1,2
291,1,2
1046,1,5
457,2,2
236,1,1
646,1,3
891,1,4
1,1,1
496,1,3
556,1,3
791,1,4
366,1,2
646,1,3
82,2,1
432,2,2
1163,3,7
336,1,2
267,2,2
758,3,4
407,2,2
1232,2,10
316,1,2
811,1,4
676,1,3
186,1,1
298,3,2
81,1,1
241,1,1
1091,1,6
1061,1,6
626,1,3
1196,1,8
104,4,1
726,1,4
806,1,4
62,2,1
797,2,4
1024,4,5
301,1,2
181,1,1
638,3,3
741,1,4
19,4,1
366,1,2
428,3,2
26,1,1
361,1,2
463,3,2
1007,2,5
98,3,1
936,1,5
86,1,1
51,1,1
461,1,2
141,1,1
946,1,5
1226,1,9
831,1,4
1011,1,5
876,1,4
379,4,2
946,1,5
416,1,2
1062,2,6
96,1,1
92,2,1
1082,2,6
426,1,2
646,1,3
1162,2,7
441,1,2
518,3,3
466,1,2
567,2,3
971,1,5
921,1,5
891,1,4
851,1,4
687,2,3
352,2,2
762,2,4
532,2,3
292,2,2
902,2,4
1196,1,8
1168,3,7
111,1,1
626,1,3
741,1,4
192,2,1
347,2,2
836,1,4
991,1,5
807,2,4
56,1,1
87,2,1
432,2,2
1011,1,5
911,1,4
961,1,5
457,2,2
242,2,1
1026,1,5
41,1,1
671,1,3
1142,2,7
871,1,4
178,3,1
201,1,1
186,1,1
556,1,3
621,1,3
941,1,5
126,1,1
741,1,4
976,1,5
56,1,1
626,1,3
1171,1,7
856,1,4
1047,2,5
21,1,1
157,2,1
191,1,1
1013,3,5
126,1,1
707,2,3
366,1,2
589,4,3
186,1,1
417,2,2
431,1,2
432,2,2
927,2,5
406,1,2
1171,1,7
941,1,5
332,2,2
141,1,1
543,3,3
937,2,5
324,4,2
152,2,1
871,1,4
221,1,1
56,1,1
506,1,3
711,1,3
666,1,3
627,2,3
437,2,2
922,2,5
921,1,5
1221,1,9
1056,1,5
976,1,5
666,1,3
1087,2,6
1136,1,6
961,1,5
936,1,5
731,1,4
406,1,2
1248,3,10
576,1,3
646,1,3
786,1,4
442,2,2
1111,1,6
1102,2,6
601,1,3
117,2,1
992,2,5
624,4,3
661,1,3
1091,1,6
841,1,4
96,1,1
1022,2,5
31,1,1
641,1,3
967,2,5
1061,1,6
686,1,3
356,1,2
1199,4,8
911,1,4
771,1,4
391,1,2
46,1,1
786,1,4
1016,1,5
292,2,2
91,1,1
771,1,4
11,1,1
486,1,2
682,2,3
447,2,2
589,4,3
81,1,1
821,1,4
1118,3,6
751,1,4
806,1,4
596,1,3
561,1,3
436,1,2
796,1,4
878,3,4
577,2,3
416,1,2
1066,1,6
161,1,1
1016,1,5
1016,1,5
82,2,1
1051,1,5
339,4,2
117,2,1
161,1,1
521,1,3
211,1,1
696,1,3
651,1,3
641,1,3
1151,1,7
781,1,4
806,1,4
166,1,1
776,1,4
1233,3,10
1056,1,5
492,2,2
759,4,4
347,2,2
361,1,2
31,1,1
286,1,2
766,1,4
1047,2,5
701,1,3
736,1,4
106,1,1
1132,2,6
941,1,5
621,1,3
771,1,4
1217,2,9
1106,1,6
1231,1,10
296,1,2
321,1,2
248,3,1
711,1,3
537,2,3
226,1,1
526,1,3
316,1,2
86,1,1
166,1,1
636,1,3
1191,1,8
208,3,1
246,1,1
1093,3,6
173,3,1
202,2,1
281,1,2
887,2,4
6,1,1
1207,2,8
1226,1,9
327,2,2
522,2,3
291,1,2
561,1,3
246,1,1
27,2,1
521,1,3
321,1,2
1061,1,6
456,1,2
169,4,1
541,1,3
326,1,2
1182,2,7
927,2,5
1001,1,5
272,2,2
121,1,1
814,4,4
1091,1,6
981,1,5
856,1,4
521,1,3
336,1,2
1206,1,8
306,1,2
36,1,1
202,2,1
439,4,2
681,1,3
476,1,2
807,2,4
271,1,2
396,1,2
661,1,3
266,1,2
1171,1,7
339,4,2
762,2,4
907,2,4
1057,2,5
1136,1,6
331,1,2
986,1,5
103,3,1
441,1,2
1077,2,6
317,2,2
107,2,1
636,1,3
991,1,5
876,1,4
292,2,2
311,1,2
939,4,5
1051,1,5
491,1,2
26,1,1
441,1,2
646,1,3
1121,1,6
767,2,4
38,3,1
436,1,2
671,1,3
1036,1,5
762,2,4
1038,3,5
427,2,2
733,3,4
472,2,2
846,1,4
717,2,3
779,4,4
101,1,1
601,1,3
907,2,4
242,2,1
976,1,5
1196,1,8
896,1,4
1221,1,9
1096,1,6
1206,1,8
121,1,1
22,2,1
457,2,2
177,2,1
63,3,1
616,1,3
287,2,2
701,1,3
176,1,1
261,1,2
537,2,3
46,1,1
351,1,2
766,1,4
496,1,3
47,2,1
656,1,3
791,1,4
441,1,2
126,1,1
1171,1,7
731,1,4
951,1,5
811,1,4
516,1,3
691,1,3
176,1,1
221,1,1
191,1,1
1126,1,6
336,1,2
911,1,4
546,1,3
326,1,2
781,1,4
342,2,2
31,1,1
736,1,4
917,2,4
946,1,5
887,2,4
941,1,5
876,1,4
1142,2,7
1036,1,5
851,1,4
16,1,1
497,2,3
286,1,2
16,1,1
242,2,1
762,2,4
1096,1,6
1236,1,10
117,2,1
392,2,2
154,4,1
386,1,2
657,2,3
599,4,3
782,2,4
851,1,4
1211,1,9
111,1,1
966,1,5
988,3,5
1092,2,6
962,2,5
662,2,3
826,1,4
1246,1,10
21,1,1
831,1,4
136,1,1
1121,1,6
606,1,3
387,2,2
111,1,1
941,1,5
707,2,3
1,1,1
651,1,3
672,2,3
1086,1,6
26,1,1
646,1,3
363,3,2
12,2,1
26,1,1
901,1,4
1096,1,6
626,1,3
626,1,3
477,2,2
571,1,3
743,3,4
631,1,3
1091,1,6
726,1,4
748,3,4
1152,2,7
1099,4,6
16,1,1
847,2,4
657,2,3
61,1,1
1052,2,5
741,1,4
201,1,1
1136,1,6
936,1,5
276,1,2
101,1,1
506,1,3
546,1,3
36,1,1
896,1,4
1152,2,7
441,1,2
246,1,1
1241,1,10
1001,1,5
737,2,4
1246,1,10
971,1,5
777,2,4
841,1,4
451,1,2
654,4,3
326,1,2
656,1,3
636,1,3
581,1,3
1177,2,7
1037,2,5
876,1,4
51,1,1
876,1,4
1046,1,5
141,1,1
131,1,1
441,1,2
726,1,4
1222,2,9
751,1,4
431,1,2
764,4,4
721,1,3
1196,1,8
1176,1,7
807,2,4
646,1,3
292,2,2
1136,1,6
568,3,3
726,1,4
119,4,1
56,1,1
476,1,2
248,3,1
746,1,4
197,2,1
51,1,1
541,1,3
231,1,1
237,2,1
661,1,3
676,1,3
1186,1,8
406,1,2
1156,1,7
134,4,1
676,1,3
171,1,1
841,1,4
137,2,1
107,2,1
752,2,4
1042,2,5
66,1,1
436,1,2
149,4,1
591,1,3
311,1,2
1219,4,9
241,1,1
546,1,3
536,1,3
589,4,3
436,1,2
546,1,3
517,2,3
781,1,4
949,4,5
736,1,4
853,3,4
136,1,1
596,1,3
276,1,2
71,1,1
741,1,4
1021,1,5
502,2,3
1087,2,6
704,4,3
981,1,5
391,1,2
536,1,3
157,2,1
1121,1,6
756,1,4
867,2,4
566,1,3
427,2,2
886,1,4
1001,1,5
266,1,2
432,2,2
1116,1,6
341,1,2
297,2,2
383,3,2
161,1,1
206,1,1
1091,1,6
27,2,1
921,1,5
726,1,4
677,2,3
76,1,1
1231,1,10
161,1,1
1203,3,8
497,2,3
251,1,2
641,1,3
1066,1,6
996,1,5
1223,3,9
456,1,2
16,1,1
156,1,1
421,1,2
466,1,2
212,2,1
971,1,5
76,1,1
57,2,1
121,1,1
962,2,5
1156,1,7
606,1,3
271,1,2
346,1,2
761,1,4
1141,1,7
941,1,5
767,2,4
681,1,3
48,3,1
1076,1,6
206,1,1
1246,1,10
391,1,2
851,1,4
846,1,4
361,1,2
936,1,5
531,1,3
896,1,4
621,1,3
586,1,3
386,1,2
112,2,1
836,1,4
978,3,5
1076,1,6
928,3,5
781,1,4
211,1,1
1031,1,5
462,2,2
489,4,2
1227,2,9
891,1,4
983,3,5
1041,1,5
486,1,2
1211,1,9
1221,1,9
1091,1,6
602,2,3
1012,2,5
247,2,1
137,2,1
346,1,2
361,1,2
421,1,2
701,1,3
496,1,3
26,1,1
871,1,4
581,1,3
281,1,2
166,1,1
966,1,5
1016,1,5
966,1,5
431,1,2
451,1,2
673,3,3
46,1,1
321,1,2
1096,1,6
841,1,4
951,1,5
1006,1,5
1127,2,6
1001,1,5
941,1,5
431,1,2
974,4,5
176,1,1
566,1,3
138,3,1
204,4,1
871,1,4
186,1,1
891,1,4
796,1,4
876,1,4
1166,1,7
981,1,5
1186,1,8
386,1,2
116,1,1
141,1,1
226,1,1
902,2,4
221,1,1
111,1,1
397,2,2
586,1,3
691,1,3
701,1,3
521,1,3
828,3,4
441,1,2
1222,2,9
486,1,2
462,2,2
98,3,1
876,1,4
557,2,3
376,1,2
716,1,3
1071,1,6
276,1,2
394,4,2
619,4,3
657,2,3
71,1,1
1002,2,5
158,3,1
954,4,5
426,1,2
1222,2,9
131,1,1
1096,1,6
494,4,2
286,1,2
911,1,4
1061,1,6
771,1,4
941,1,5
102,2,1
252,2,2
147,2,1
1048,3,5
131,1,1
367,2,2
131,1,1
1231,1,10
146,1,1
36,1,1
1241,1,10
581,1,3
468,3,2
186,1,1
1167,2,7
386,1,2
111,1,1
231,1,1
552,2,3
266,1,2
576,1,3
1161,1,7
1101,1,6
611,1,3
202,2,1
1027,2,5
1,1,1
931,1,5
41,1,1
431,1,2
801,1,4
1161,1,7
383,3,2
481,1,2
716,1,3
1117,2,6
1031,1,5
1186,1,8
1066,1,6
876,1,4
551,1,3
1192,2,8
1231,1,10
581,1,3
11,1,1
161,1,1
311,1,2
11,1,1
51,1,1
873,3,4
1244,4,10
438,3,2
693,3,3
1241,1,10
3,3,1
382,2,2
1001,1,5
1114,4,6
1101,1,6
537,2,3
381,1,2
446,1,2
672,2,3
756,1,4
716,1,3
381,1,2
486,1,2
907,2,4
261,1,2
781,1,4
139,4,1
1081,1,6
721,1,3
264,4,2
247,2,1
1021,1,5
96,1,1
336,1,2
619,4,3
162,2,1
466,1,2
997,2,5
762,2,4
1146,1,7
942,2,5
1156,1,7
234,4,1
631,1,3
226,1,1
306,1,2
617,2,3
156,1,1
876,1,4
111,1,1
501,1,3
802,2,4
279,4,2
56,1,1
166,1,1
1141,1,7
1066,1,6
56,1,1
34,4,1
776,1,4
133,3,1
418,3,2
822,2,4
262,2,2
1202,2,8
157,2,1
1201,1,8
362,2,2
1206,1,8
171,1,1
392,2,2
406,1,2
938,3,5
411,1,2
911,1,4
337,2,2
228,3,1
1001,1,5
788,3,4
677,2,3
511,1,3
377,2,2
271,1,2
466,1,2
369,4,2
66,1,1
1061,1,6
1171,1,7
632,2,3
446,1,2
51,1,1
942,2,5
1131,1,6
951,1,5
1039,4,5
377,2,2
332,2,2
1166,1,7
706,1,3
921,1,5
562,2,3
702,2,3
657,2,3
801,1,4
1131,1,6
821,1,4
506,1,3
1086,1,6
871,1,4
1046,1,5
1001,1,5
119,4,1
637,2,3
888,3,4
226,1,1
792,2,4
86,1,1
236,1,1
336,1,2
617,2,3
421,1,2
1001,1,5
1211,1,9
617,2,3
1,1,1
769,4,4
197,2,1
1,1,1
1071,1,6
1012,2,5
1233,3,10
7,2,1
456,1,2
9,4,1
1131,1,6
91,1,1
23,3,1
566,1,3
102,2,1
401,1,2
451,1,2
548,3,3
76,1,1
457,2,2
807,2,4
2,2,1
431,1,2
441,1,2
286,1,2
736,1,4
366,1,2
42,2,1
541,1,3
546,1,3
601,1,3
686,1,3
922,2,5
1236,1,10
111,1,1
298,3,2
1091,1,6
476,1,2
231,1,1
81,1,1
177,2,1
1038,3,5
994,4,5
1226,1,9
118,3,1
511,1,3
1203,3,8
807,2,4
1046,1,5
537,2,3
836,1,4
1201,1,8
887,2,4
801,1,4
1021,1,5
1046,1,5
821,1,4
857,2,4
341,1,2
16,1,1
941,1,5
626,1,3
737,2,4
581,1,3
156,1,1
1247,2,10
446,1,2
231,1,1
752,2,4
771,1,4
797,2,4
1211,1,9
997,2,5
102,2,1
411,1,2
316,1,2
91,1,1
716,1,3
572,2,3
1061,1,6
771,1,4
267,2,2
131,1,1
1081,1,6
1162,2,7
616,1,3
16,1,1
477,2,2
1081,1,6
1097,2,6
1246,1,10
206,1,1
156,1,1
202,2,1
481,1,2
197,2,1
196,1,1
1052,2,5
167,2,1
982,2,5
382,2,2
408,3,2
1062,2,6
663,3,3
701,1,3
1236,1,10
766,1,4
1212,2,9
226,1,1
141,1,1
984,4,5
213,3,1
16,1,1
336,1,2
936,1,5
901,1,4
1238,3,10
281,1,2
361,1,2
81,1,1
182,2,1
221,1,1
396,1,2
781,1,4
881,1,4
1196,1,8
747,2,4
372,2,2
88,3,1
1033,3,5
841,1,4
951,1,5
1088,3,6
1141,1,7
1231,1,10
217,2,1
1106,1,6
136,1,1
456,1,2
1001,1,5
341,1,2
1041,1,5
641,1,3
256,1,2
216,1,1
642,2,3
51,1,1
1243,3,10
1211,1,9
581,1,3
576,1,3
56,1,1
722,2,3
501,1,3
671,1,3
743,3,4
1076,1,6
226,1,1
1,1,1
671,1,3
22,2,1
951,1,5
91,1,1
526,1,3
892,2,4
684,4,3
976,1,5
191,1,1
221,1,1
286,1,2
1201,1,8
471,1,2
926,1,5
756,1,4
231,1,1
986,1,5
416,1,2
103,3,1
721,1,3
1046,1,5
363,3,2
921,1,5
266,1,2
846,1,4
871,1,4
726,1,4
527,2,3
1094,4,6
631,1,3
847,2,4
1101,1,6
841,1,4
921,1,5
411,1,2
322,2,2
581,1,3
333,3,2
901,1,4
1197,2,8
171,1,1
266,1,2
839,4,4
41,1,1
386,1,2
922,2,5
836,1,4
471,1,2
366,1,2
946,1,5
232,2,1
1056,1,5
57,2,1
827,2,4
246,1,1
502,2,3
1207,2,8
126,1,1
1108,3,6
552,2,3
767,2,4
631,1,3
177,2,1
281,1,2
456,1,2
1001,1,5
431,1,2
123,3,1
693,3,3
1107,2,6
601,1,3
372,2,2
1012,2,5
676,1,3
1176,1,7
416,1,2
781,1,4
122,2,1
102,2,1
106,1,1
101,1,1
1042,2,5
361,1,2
791,1,4
816,1,4
778,3,4
276,1,2
291,1,2
586,1,3
866,1,4
177,2,1
956,1,5
471,1,2
231,1,1
481,1,2
956,1,5
871,1,4
1071,1,6
856,1,4
596,1,3
1079,4,6
122,2,1
971,1,5
191,1,1
106,1,1
364,4,2
561,1,3
638,3,3
81,1,1
176,1,1
46,1,1
151,1,1
7,2,1
816,1,4
616,1,3
81,1,1
401,1,2
886,1,4
501,1,3
1194,4,8
921,1,5
1061,1,6
1076,1,6
923,3,5
21,1,1
801,1,4
1201,1,8
271,1,2
1188,3,8
793,3,4
321,1,2
639,4,3
722,2,3
273,3,2
231,1,1
897,2,4
601,1,3
233,3,1
682,2,3
786,1,4
201,1,1
426,1,2
721,1,3
221,1,1
311,1,2
722,2,3
986,1,5
51,1,1
61,1,1
184,4,1
547,2,3
931,1,5
1067,2,6
1013,3,5
439,4,2
791,1,4
381,1,2
211,1,1
1051,1,5
976,1,5
557,2,3
17,2,1
622,2,3
681,1,3
376,1,2
1071,1,6
166,1,1
1013,3,5
501,1,3
1198,3,8
1171,1,7
771,1,4
856,1,4
281,1,2
151,1,1
972,2,5
132,2,1
759,4,4
581,1,3
1186,1,8
991,1,5
31,1,1
976,1,5
651,1,3
572,2,3
1062,2,6
957,2,5
83,3,1
748,3,4
1041,1,5
1081,1,6
31,1,1
291,1,2
1207,2,8
1158,3,7
981,1,5
271,1,2
1101,1,6
51,1,1
286,1,2
982,2,5
771,1,4
42,2,1
637,2,3
1072,2,6
243,3,1
931,1,5
338,3,2
358,3,2
588,3,3
456,1,2
711,1,3
989,4,5
748,3,4
736,1,4
491,1,2
426,1,2
201,1,1
881,1,4
1166,1,7
1062,2,6
806,1,4
323,3,2
42,2,1
556,1,3
18,3,1
832,2,4
971,1,5
346,1,2
1182,2,7
1008,3,5
1001,1,5
566,1,3
521,1,3
1191,1,8
156,1,1
266,1,2
146,1,1
51,1,1
1038,3,5
531,1,3
1091,1,6
1032,2,5
1027,2,5
279,4,2
76,1,1
166,1,1
836,1,4
26,1,1
771,1,4
66,1,1
573,3,3
1241,1,10
107,2,1
916,1,4
462,2,2
248,3,1
696,1,3
1117,2,6
736,1,4
394,4,2
152,2,1
431,1,2
506,1,3
836,1,4
771,1,4
1002,2,5
931,1,5
831,1,4
901,1,4
778,3,4
516,1,3
166,1,1
101,1,1
856,1,4
141,1,1
81,1,1
107,2,1
661,1,3
241,1,1
1146,1,7
867,2,4
809,4,4
571,1,3
341,1,2
91,1,1
11,1,1
541,1,3
98,3,1
631,1,3
666,1,3
287,2,2
1202,2,8
146,1,1
821,1,4
531,1,3
957,2,5
529,4,3
367,2,2
656,1,3
1031,1,5
677,2,3
206,1,1
491,1,2
396,1,2
496,1,3
786,1,4
111,1,1
422,2,2
1162,2,7
1092,2,6
781,1,4
932,2,5
947,2,5
327,2,2
346,1,2
691,1,3
862,2,4
886,1,4
611,1,3
1167,2,7
76,1,1
501,1,3
477,2,2
343,3,2
1137,2,6
297,2,2
1122,2,6
707,2,3
251,1,2
811,1,4
161,1,1
981,1,5
11,1,1
741,1,4
453,3,2
466,1,2
16,1,1
856,1,4
481,1,2
69,4,1
672,2,3
1058,3,5
761,1,4
471,1,2
661,1,3
392,2,2
457,2,2
696,1,3
1212,2,9
446,1,2
1084,4,6
726,1,4
1246,1,10
841,1,4
576,1,3
591,1,3
1061,1,6
1147,2,7
333,3,2
686,1,3
701,1,3
6,1,1
43,3,1
161,1,1
621,1,3
636,1,3
746,1,4
561,1,3
51,1,1
231,1,1
676,1,3
818,3,4
268,3,2
656,1,3
611,1,3
321,1,2
182,2,1
286,1,2
1196,1,8
62,2,1
861,1,4
661,1,3
1116,1,6
126,1,1
201,1,1
736,1,4
688,3,3
501,1,3
897,2,4
743,3,4
507,2,3
1016,1,5
836,1,4
138,3,1
776,1,4
1007,2,5
827,2,4
1231,1,10
1196,1,8
611,1,3
341,1,2
1148,3,7
56,1,1
932,2,5
851,1,4
1106,1,6
861,1,4
221,1,1
1136,1,6
962,2,5
361,1,2
891,1,4
611,1,3
742,2,4
421,1,2
441,1,2
1016,1,5
766,1,4
1236,1,10
1176,1,7
963,3,5
1056,1,5
1211,1,9
661,1,3
991,1,5
441,1,2
966,1,5
633,3,3
861,1,4
441,1,2
886,1,4
1123,3,6
16,1,1
592,2,3
346,1,2
248,3,1
1051,1,5
1151,1,7
1221,1,9
1201,1,8
461,1,2
538,3,3
1166,1,7
1166,1,7
801,1,4
577,2,3
1016,1,5
1141,1,7
341,1,2
1011,1,5
876,1,4
141,1,1
1001,1,5
177,2,1
186,1,1
936,1,5
461,1,2
576,1,3
252,2,2
606,1,3
726,1,4
302,2,2
911,1,4
1182,2,7
701,1,3
466,1,2
971,1,5
721,1,3
212,2,1
531,1,3
516,1,3
116,1,1
1071,1,6
346,1,2
1131,1,6
907,2,4
1131,1,6
906,1,4
171,1,1
932,2,5
516,1,3
331,1,2
931,1,5
1151,1,7
626,1,3
182,2,1
106,1,1
536,1,3
578,3,3
438,3,2
911,1,4
573,3,3
531,1,3
826,1,4
97,2,1
91,1,1
301,1,2
76,1,1
31,1,1
491,1,2
982,2,5
111,1,1
457,2,2
701,1,3
613,3,3
227,2,1
621,1,3
731,1,4
816,1,4
572,2,3
572,2,3
466,1,2
1021,1,5
626,1,3
26,1,1
577,2,3
621,1,3
426,1,2
301,1,2
301,1,2
547,2,3
962,2,5
521,1,3
106,1,1
1176,1,7
336,1,2
191,1,1
751,1,4
686,1,3
826,1,4
451,1,2
21,1,1
1236,1,10
961,1,5
621,1,3
628,3,3
451,1,2
341,1,2
391,1,2
458,3,2
806,1,4
1162,2,7
612,2,3
911,1,4
31,1,1
121,1,1
681,1,3
804,4,4
71,1,1
751,1,4
137,2,1
1166,1,7
4,4,1
861,1,4
269,4,2
696,1,3
11,1,1
1167,2,7
826,1,4
924,4,5
411,1,2
302,2,2
51,1,1
976,1,5
727,2,4
336,1,2
776,1,4
541,1,3
261,1,2
363,3,2
1146,1,7
901,1,4
402,2,2
1037,2,5
522,2,3
1012,2,5
1098,3,6
817,2,4
747,2,4
1076,1,6
441,1,2
271,1,2
736,1,4
789,4,4
766,1,4
1117,2,6
21,1,1
867,2,4
191,1,1
732,2,4
236,1,1
391,1,2
391,1,2
228,3,1
467,2,2
851,1,4
1181,1,7
181,1,1
237,2,1
621,1,3
1196,1,8
1131,1,6
356,1,2
597,2,3
461,1,2
651,1,3
892,2,4
787,2,4
154,4,1
1106,1,6
286,1,2
537,2,3
31,1,1
1186,1,8
13,3,1
66,1,1
342,2,2
1091,1,6
922,2,5
1037,2,5
886,1,4
711,1,3
561,1,3
207,2,1
76,1,1
736,1,4
811,1,4
1007,2,5
741,1,4
1166,1,7
929,4,5
221,1,1
162,2,1
887,2,4
1044,4,5
472,2,2
236,1,1
802,2,4
157,2,1
117,2,1
52,2,1
266,1,2
613,3,3
1146,1,7
454,4,2
982,2,5
133,3,1
106,1,1
771,1,4
276,1,2
538,3,3
26,1,1
1141,1,7
1181,1,7
53,3,1
473,3,2
1122,2,6
234,4,1
322,2,2
802,2,4
372,2,2
976,1,5
1031,1,5
381,1,2
1093,3,6
406,1,2
626,1,3
586,1,3
951,1,5
421,1,2
692,2,3
1231,1,10
1141,1,7
427,2,2
962,2,5
716,1,3
967,2,5
777,2,4
866,1,4
1236,1,10
11,1,1
746,1,4
616,1,3
614,4,3
613,3,3
1106,1,6
1142,2,7
731,1,4
1132,2,6
503,3,3
322,2,2
761,1,4
1061,1,6
841,1,4
202,2,1
1042,2,5
358,3,2
991,1,5
836,1,4
1036,1,5
996,1,5
477,2,2
1051,1,5
451,1,2
156,1,1
131,1,1
651,1,3
1206,1,8
241,1,1
68,3,1
344,4,2
931,1,5
133,3,1
736,1,4
541,1,3
1061,1,6
284,4,2
631,1,3
931,1,5
553,3,3
176,1,1
747,2,4
1226,1,9
46,1,1
631,1,3
661,1,3
1247,2,10
996,1,5
526,1,3
1081,1,6
866,1,4
331,1,2
482,2,2
222,2,1
987,2,5
1146,1,7
181,1,1
167,2,1
1137,2,6
681,1,3
73,3,1
987,2,5
411,1,2
1046,1,5
1066,1,6
143,3,1
46,1,1
802,2,4
866,1,4
421,1,2
1007,2,5
196,1,1
561,1,3
101,1,1
221,1,1
1141,1,7
397,2,2
1002,2,5
577,2,3
129,4,1
21,1,1
76,1,1
1086,1,6
372,2,2
142,2,1
1186,1,8
574,4,3
6,1,1
892,2,4
646,1,3
526,1,3
587,2,3
86,1,1
302,2,2
606,1,3
17,2,1
622,2,3
536,1,3
231,1,1
232,2,1
552,2,3
651,1,3
173,3,1
821,1,4
976,1,5
1081,1,6
37,2,1
1079,4,6
751,1,4
871,1,4
1091,1,6
456,1,2
1196,1,8
812,2,4
1187,2,8
1206,1,8
76,1,1
936,1,5
666,1,3
1222,2,9
1131,1,6
801,1,4
637,2,3
372,2,2
992,2,5
1088,3,6
1118,3,6
336,1,2
926,1,5
637,2,3
1152,2,7
922,2,5
1221,1,9
176,1,1
722,2,3
1036,1,5
571,1,3
1076,1,6
1191,1,8
346,1,2
1036,1,5
172,2,1
586,1,3
486,1,2
241,1,1
356,1,2
841,1,4
586,1,3
941,1,5
616,1,3
767,2,4
797,2,4
726,1,4
1037,2,5
896,1,4
816,1,4
1128,3,6
1246,1,10
751,1,4
886,1,4
876,1,4
418,3,2
1128,3,6
981,1,5
652,2,3
1231,1,10
1154,4,7
219,4,1
851,1,4
967,2,5
841,1,4
890,5,4
196,1,1
483,3,2
691,1,3
1026,1,5
1046,1,5
951,1,5
256,1,2
1076,1,6
991,1,5
326,1,2
136,1,1
123,3,1
6,1,1
101,1,1
1181,1,7
406,1,2
297,2,2
501,1,3
931,1,5
593,3,3
1041,1,5
1159,4,7
1007,2,5
681,1,3
1202,2,8
841,1,4
856,1,4
692,2,3
1067,2,6
646,1,3
511,1,3
666,1,3
931,1,5
636,1,3
1146,1,7
796,1,4
656,1,3
451,1,2
217,2,1
1141,1,7
163,3,1
1092,2,6
757,2,4
162,2,1
1076,1,6
717,2,3
286,1,2
487,2,2
42,2,1
906,1,4
636,1,3
501,1,3
321,1,2
961,1,5
1086,1,6
891,1,4
691,1,3
471,1,2
527,2,3
401,1,2
652,2,3
1192,2,8
861,1,4
931,1,5
771,1,4
116,1,1
67,2,1
621,1,3
1187,2,8
62,2,1
31,1,1
1047,2,5
776,1,4
571,1,3
737,2,4
1126,1,6
1011,1,5
506,1,3
1007,2,5
391,1,2
861,1,4
58,3,1
322,2,2
1106,1,6
583,3,3
292,2,2
1086,1,6
1021,1,5
779,4,4
826,1,4
616,1,3
366,1,2
281,1,2
52,2,1
202,2,1
661,1,3
81,1,1
86,1,1
771,1,4
266,1,2
396,1,2
27,2,1
721,1,3
93,3,1
183,3,1
101,1,1
1191,1,8
267,2,2
526,1,3
601,1,3
226,1,1
